Team,Rock Name,Repository,Branch (if not the default),Source,Rockcraft Path,Archived,Fork,Notes
ATNoG,life-cycle-manager,https://github.com/ATNoG/osm-mec-mano,,github-code-search,LCM/rockcraft.yaml,FALSE,FALSE,
BON4,cassandra,https://github.com/BON4/cassandra-rock,,github-code-search,rockcraft.yaml,FALSE,FALSE,
MrE-Fog,charmed-kafka,https://github.com/MrE-Fog/charmed-kafka-rock,,github-code-search,rockcraft.yaml,FALSE,FALSE,
MrE-Fog,cert-generator,https://github.com/MrE-Fog/katib-rocks,,github-code-search,cert-generator/rockcraft.yaml,FALSE,FALSE,
MrE-Fog,earlystopping-medianstop,https://github.com/MrE-Fog/katib-rocks,,github-code-search,earlystopping-medianstop/rockcraft.yaml,FALSE,FALSE,
MrE-Fog,file-metrics-collector,https://github.com/MrE-Fog/katib-rocks,,github-code-search,file-metrics-collector/rockcraft.yaml,FALSE,FALSE,
MrE-Fog,katib-controller,https://github.com/MrE-Fog/katib-rocks,,github-code-search,katib-controller/rockcraft.yaml,FALSE,FALSE,
MrE-Fog,katib-db-manager,https://github.com/MrE-Fog/katib-rocks,,github-code-search,katib-db-manager/rockcraft.yaml,FALSE,FALSE,
MrE-Fog,katib-ui,https://github.com/MrE-Fog/katib-rocks,,github-code-search,katib-ui-rock/rockcraft.yaml,FALSE,FALSE,
MrE-Fog,suggestion-hyperopt,https://github.com/MrE-Fog/katib-rocks,,github-code-search,suggestion-hyperopt/rockcraft.yaml,FALSE,FALSE,
MrE-Fog,suggestion-optuna,https://github.com/MrE-Fog/katib-rocks,,github-code-search,suggestion-optuna/rockcraft.yaml,FALSE,FALSE,
MrE-Fog,suggestion-skopt,https://github.com/MrE-Fog/katib-rocks,,github-code-search,suggestion-skopt/rockcraft.yaml,FALSE,FALSE,
MrE-Fog,tfevent-metrics-collector,https://github.com/MrE-Fog/katib-rocks,,github-code-search,tfevent-metrics-collector/rockcraft.yaml,FALSE,FALSE,
MrE-Fog,nginx,https://github.com/MrE-Fog/nginx-rock,,github-code-search,rockcraft.yaml,FALSE,FALSE,
OpenPrinting,ghostscript-printer-app,https://github.com/OpenPrinting/ghostscript-printer-app,,github-code-search,rockcraft.yaml,FALSE,FALSE,
OpenPrinting,gutenprint-printer-app,https://github.com/OpenPrinting/gutenprint-printer-app,,github-code-search,rockcraft.yaml,FALSE,FALSE,
OpenPrinting,hplip-printer-app,https://github.com/OpenPrinting/hplip-printer-app,,github-code-search,rockcraft.yaml,FALSE,FALSE,
OpenPrinting,ipp-usb,https://github.com/OpenPrinting/ipp-usb,,github-code-search,rock/rockcraft.yaml,FALSE,FALSE,
OpenPrinting,ps-printer-app,https://github.com/OpenPrinting/ps-printer-app,,github-code-search,rockcraft.yaml,FALSE,FALSE,
RomainDarous,mistranslation-app,https://github.com/RomainDarous/Canonical-Ubuntu-AI-validation-check-for-open-source-os,,github-code-search,3_model/api/rockcraft/rockcraft.yaml,FALSE,FALSE,
alexdlukens,rock-hello-py,https://github.com/alexdlukens/rock-hello-python,,github-code-search,rockcraft.yaml,FALSE,FALSE,
amandahla,maubot,https://github.com/amandahla/guessing-game,,github-code-search,g_rock/rockcraft.yaml,FALSE,FALSE,
averma-canonical,spark,https://github.com/averma-canonical/spark-rock,,github-code-search,rockcraft.yaml,FALSE,FALSE,
canonical,bauer-api,https://github.com/canonical/Bauer,,github-code-search,rockcraft.yaml,FALSE,FALSE,
canonical,airbyte,https://github.com/canonical/airbyte-k8s-operator,,github-code-search,airbyte_rock/rockcraft.yaml,FALSE,FALSE,
canonical,airflow,https://github.com/canonical/airflow-rocks,,github-code-search,3.1/rockcraft.yaml,FALSE,FALSE,
canonical,alertmanager,https://github.com/canonical/alertmanager-rock,,github-code-search,0.31/rockcraft.yaml,FALSE,FALSE,
canonical,alertmanager,https://github.com/canonical/alertmanager-rock,,github-code-search,0.34/rockcraft.yaml,FALSE,FALSE,
canonical,anbox-cloud-io,https://github.com/canonical/anbox-cloud.io,,github-code-search,rockcraft.yaml,FALSE,FALSE,
canonical,apache2,https://github.com/canonical/apache2-rock,,github-code-search,apache2/2.4-26.04/rockcraft.yaml,FALSE,FALSE,
canonical,api-demo-server,https://github.com/canonical/api_demo_server,,github-code-search,rockcraft.yaml,FALSE,FALSE,
canonical,argoexec,https://github.com/canonical/argo-workflows-rocks,,github-code-search,argoexec/rockcraft.yaml,FALSE,FALSE,
canonical,workflow-controller,https://github.com/canonical/argo-workflows-rocks,,github-code-search,workflow-controller/rockcraft.yaml,FALSE,FALSE,
canonical,assets-manager,https://github.com/canonical/assets.ubuntu.com,,github-code-search,rockcraft.yaml,FALSE,FALSE,
canonical,athena,https://github.com/canonical/athena,,github-code-search,rockcraft.yaml,FALSE,FALSE,
canonical,authentik-ldap-outpost,https://github.com/canonical/authentik-ldap-outpost-rock,,github-code-search,rockcraft.yaml,FALSE,FALSE,
canonical,authentik-server,https://github.com/canonical/authentik-server-rock,,github-code-search,rockcraft.yaml,FALSE,FALSE,
canonical,mlflow,https://github.com/canonical/base-mlflow,,github-code-search,mlflow/rockcraft.yaml,FALSE,FALSE,
canonical,bind9,https://github.com/canonical/bind9-rock,,github-code-search,bind9/9.20-26.04/rockcraft.yaml,FALSE,FALSE,
canonical,bingo,https://github.com/canonical/bingo,,github-code-search,rockcraft.yaml,FALSE,FALSE,
canonical,blackbox-exporter,https://github.com/canonical/blackbox-exporter-rock,,github-code-search,0.28/rockcraft.yaml,FALSE,FALSE,
canonical,busybox,https://github.com/canonical/busybox-rock,,github-code-search,busybox/1.37-26.04/rockcraft.yaml,FALSE,FALSE,
canonical,busybox,https://github.com/canonical/busybox-rock,,github-code-search,rockcraft.yaml,FALSE,FALSE,
canonical,calico-apiserver,https://github.com/canonical/calico-rocks,,github-code-search,calico/v3.28.0/apiserver/rockcraft.yaml,FALSE,FALSE,
canonical,calico-cni,https://github.com/canonical/calico-rocks,,github-code-search,calico/v3.28.0/cni/rockcraft.yaml,FALSE,FALSE,
canonical,calico-csi,https://github.com/canonical/calico-rocks,,github-code-search,calico/v3.28.0/csi/rockcraft.yaml,FALSE,FALSE,
canonical,calico-ctl,https://github.com/canonical/calico-rocks,,github-code-search,calico/v3.28.0/ctl/rockcraft.yaml,FALSE,FALSE,
canonical,calico-key-cert-provisioner,https://github.com/canonical/calico-rocks,,github-code-search,calico/v3.28.0/key-cert-provisioner/rockcraft.yaml,FALSE,FALSE,
canonical,calico-kube-controllers,https://github.com/canonical/calico-rocks,,github-code-search,calico/v3.28.0/kube-controllers/rockcraft.yaml,FALSE,FALSE,
canonical,calico-node-driver-registrar,https://github.com/canonical/calico-rocks,,github-code-search,calico/v3.28.0/node-driver-registrar/rockcraft.yaml,FALSE,FALSE,
canonical,calico-node,https://github.com/canonical/calico-rocks,,github-code-search,calico/v3.28.0/node/rockcraft.yaml,FALSE,FALSE,
canonical,calico-pod2daemon-flexvol,https://github.com/canonical/calico-rocks,,github-code-search,calico/v3.28.0/pod2daemon-flexvol/rockcraft.yaml,FALSE,FALSE,
canonical,calico-typha,https://github.com/canonical/calico-rocks,,github-code-search,calico/v3.28.0/typha/rockcraft.yaml,FALSE,FALSE,
canonical,calico-tigera-operator,https://github.com/canonical/calico-rocks,,github-code-search,tigera-operator/v1.34.0/rockcraft.yaml,FALSE,FALSE,
canonical,canonical-cla,https://github.com/canonical/canonical-cla,,github-code-search,rockcraft.yaml,FALSE,FALSE,
canonical,canonical-cla-ui,https://github.com/canonical/canonical-cla-ui,,github-code-search,rockcraft.yaml,FALSE,FALSE,
canonical,canonical-com,https://github.com/canonical/canonical.com,,github-code-search,rockcraft.yaml,FALSE,FALSE,
canonical,canonicalwebteam-juju-logger,https://github.com/canonical/canonicalwebteam.juju-logger,,github-code-search,rockcraft.yaml,FALSE,FALSE,
canonical,catalogue,https://github.com/canonical/catalogue-k8s-operator,,github-code-search,workload/0.15/rockcraft.yaml,FALSE,FALSE,
canonical,ceph,https://github.com/canonical/ceph-containers,,github-code-search,rockcraft.yaml,FALSE,FALSE,
canonical,cert-manager-acmesolver,https://github.com/canonical/cert-manager-rock,,github-code-search,acmesolver/1.10.1/rockcraft.yaml,FALSE,FALSE,
canonical,cert-manager-acmesolver,https://github.com/canonical/cert-manager-rock,,github-code-search,acmesolver/1.12.2/rockcraft.yaml,FALSE,FALSE,
canonical,cert-manager-cainjector,https://github.com/canonical/cert-manager-rock,,github-code-search,cainjector/1.10.1/rockcraft.yaml,FALSE,FALSE,
canonical,cert-manager-cainjector,https://github.com/canonical/cert-manager-rock,,github-code-search,cainjector/1.12.2/rockcraft.yaml,FALSE,FALSE,
canonical,cert-manager-controller,https://github.com/canonical/cert-manager-rock,,github-code-search,controller/1.10.1/rockcraft.yaml,FALSE,FALSE,
canonical,cert-manager-controller,https://github.com/canonical/cert-manager-rock,,github-code-search,controller/1.12.2/rockcraft.yaml,FALSE,FALSE,
canonical,cert-manager-webhook,https://github.com/canonical/cert-manager-rock,,github-code-search,webhook/1.10.1/rockcraft.yaml,FALSE,FALSE,
canonical,cert-manager-webhook,https://github.com/canonical/cert-manager-rock,,github-code-search,webhook/1.12.2/rockcraft.yaml,FALSE,FALSE,
canonical,magma-orc8r-controller,https://github.com/canonical/certbot-k8s-operator,,github-code-search,rockcraft.yaml,FALSE,FALSE,
canonical,k8s-rock,https://github.com/canonical/charm-ci,,github-code-search,examples/k8s-rock/rockcraft.yaml,FALSE,FALSE,
canonical,temporal-worker-test-image,https://github.com/canonical/charm-integration-testing,,github-code-search,static/temporal-worker-test-image/rockcraft.yaml,FALSE,FALSE,
canonical,charmed-etcd,https://github.com/canonical/charmed-etcd-rock,,github-code-search,rockcraft.yaml,FALSE,FALSE,
canonical,charmed-flink,https://github.com/canonical/charmed-flink-rock,,github-code-search,rockcraft.yaml,FALSE,FALSE,
canonical,charmed-kafka,https://github.com/canonical/charmed-kafka-rock,,github-code-search,rockcraft.yaml,FALSE,FALSE,
canonical,charmed-kafka-ui,https://github.com/canonical/charmed-kafka-ui-rock,,github-code-search,rockcraft.yaml,FALSE,FALSE,
canonical,charmed-karapace,https://github.com/canonical/charmed-karapace-rock,,github-code-search,rockcraft.yaml,FALSE,FALSE,
canonical,charmed-mysql,https://github.com/canonical/charmed-mysql-rock,,github-code-search,rockcraft.yaml,FALSE,FALSE,
canonical,charmed-nodejs-boilerplate,https://github.com/canonical/charmed-nodejs-boilerplate,,github-code-search,rockcraft.yaml,FALSE,FALSE,
canonical,charmed-opensearch-dashboards,https://github.com/canonical/charmed-opensearch-dashboards-rock,,github-code-search,rockcraft.yaml,FALSE,FALSE,
canonical,charmed-opensearch,https://github.com/canonical/charmed-opensearch-rock,,github-code-search,rockcraft.yaml,FALSE,FALSE,
canonical,charmed-pgbouncer,https://github.com/canonical/charmed-pgbouncer-rock,,github-code-search,rockcraft.yaml,FALSE,FALSE,
canonical,charmed-polaris,https://github.com/canonical/charmed-polaris-rock,,github-code-search,rockcraft.yaml,FALSE,FALSE,
canonical,charmed-postgresql,https://github.com/canonical/charmed-postgresql-rock,,github-code-search,rockcraft.yaml,FALSE,FALSE,
canonical,charmed-redis,https://github.com/canonical/charmed-redis-rock,,github-code-search,rockcraft.yaml,FALSE,FALSE,
canonical,charmed-spark-gpu,https://github.com/canonical/charmed-spark-rock,,github-code-search,images/charmed-spark-gpu/rockcraft.yaml,FALSE,FALSE,
canonical,charmed-spark,https://github.com/canonical/charmed-spark-rock,,github-code-search,images/charmed-spark/rockcraft.yaml,FALSE,FALSE,
canonical,temporal-worker-go,https://github.com/canonical/charmed-temporal-uats,,github-code-search,worker_go/rockcraft.yaml,FALSE,FALSE,
canonical,temporal-worker-python,https://github.com/canonical/charmed-temporal-uats,,github-code-search,worker_python/rockcraft.yaml,FALSE,FALSE,
canonical,charmed-valkey,https://github.com/canonical/charmed-valkey-rock,,github-code-search,rockcraft.yaml,FALSE,FALSE,
canonical,charmed-zookeeper,https://github.com/canonical/charmed-zookeeper-rock,,github-code-search,rockcraft.yaml,FALSE,FALSE,
canonical,charmhub-solutions,https://github.com/canonical/charmhub-solutions-service,,github-code-search,rockcraft.yaml,FALSE,FALSE,
canonical,charmhub-io,https://github.com/canonical/charmhub.io,,github-code-search,rockcraft.yaml,FALSE,FALSE,
canonical,chisel,https://github.com/canonical/chisel-rock,,github-code-search,chisel/1-26.04/rockcraft.yaml,FALSE,FALSE,
canonical,chiseled-base,https://github.com/canonical/chiselled-base,,github-code-search,chiselled-base-ssl/24.04/rockcraft.yaml,FALSE,FALSE,
canonical,cilium-operator-generic,https://github.com/canonical/cilium-rocks,,github-code-search,1.15.2/cilium-operator-generic/rockcraft.yaml,FALSE,FALSE,
canonical,cilium,https://github.com/canonical/cilium-rocks,,github-code-search,1.15.2/cilium/rockcraft.yaml,FALSE,FALSE,
canonical,cilium-operator-generic,https://github.com/canonical/cilium-rocks,,github-code-search,1.16.3/cilium-operator-generic/rockcraft.yaml,FALSE,FALSE,
canonical,cilium,https://github.com/canonical/cilium-rocks,,github-code-search,1.16.3/cilium/rockcraft.yaml,FALSE,FALSE,
canonical,cilium-operator-generic,https://github.com/canonical/cilium-rocks,,github-code-search,1.16.5/cilium-operator-generic/rockcraft.yaml,FALSE,FALSE,
canonical,cilium,https://github.com/canonical/cilium-rocks,,github-code-search,1.16.5/cilium/rockcraft.yaml,FALSE,FALSE,
canonical,cilium-operator-generic,https://github.com/canonical/cilium-rocks,,github-code-search,1.16.7/cilium-operator-generic/rockcraft.yaml,FALSE,FALSE,
canonical,cilium,https://github.com/canonical/cilium-rocks,,github-code-search,1.16.7/cilium/rockcraft.yaml,FALSE,FALSE,
canonical,cilium-operator-generic,https://github.com/canonical/cilium-rocks,,github-code-search,1.17.1/cilium-operator-generic/rockcraft.yaml,FALSE,FALSE,
canonical,cilium,https://github.com/canonical/cilium-rocks,,github-code-search,1.17.1/cilium/rockcraft.yaml,FALSE,FALSE,
canonical,cilium-operator-generic,https://github.com/canonical/cilium-rocks,,github-code-search,1.17.12/cilium-operator-generic/rockcraft.yaml,FALSE,FALSE,
canonical,cilium-operator-generic,https://github.com/canonical/cilium-rocks,,github-code-search,1.17.12/cilium-operator-generic/static/rockcraft.yaml,FALSE,FALSE,
canonical,cilium,https://github.com/canonical/cilium-rocks,,github-code-search,1.17.12/cilium/rockcraft.yaml,FALSE,FALSE,
canonical,cilium,https://github.com/canonical/cilium-rocks,,github-code-search,1.17.12/cilium/static/rockcraft.yaml,FALSE,FALSE,
canonical,cilium-operator-generic,https://github.com/canonical/cilium-rocks,,github-code-search,1.17.9/cilium-operator-generic/rockcraft.yaml,FALSE,FALSE,
canonical,cilium,https://github.com/canonical/cilium-rocks,,github-code-search,1.17.9/cilium/rockcraft.yaml,FALSE,FALSE,
canonical,cilium-operator-generic,https://github.com/canonical/cilium-rocks,,github-code-search,1.18.4/cilium-operator-generic/rockcraft.yaml,FALSE,FALSE,
canonical,cilium,https://github.com/canonical/cilium-rocks,,github-code-search,1.18.4/cilium/rockcraft.yaml,FALSE,FALSE,
canonical,cilium-operator-generic,https://github.com/canonical/cilium-rocks,,github-code-search,1.19.4/cilium-operator-generic/rockcraft.yaml,FALSE,FALSE,
canonical,cilium,https://github.com/canonical/cilium-rocks,,github-code-search,1.19.4/cilium/rockcraft.yaml,FALSE,FALSE,
canonical,cilium-operator-generic,https://github.com/canonical/cilium-rocks,,github-code-search,1.20.0/cilium-operator-generic/rockcraft.yaml,FALSE,FALSE,
canonical,cilium,https://github.com/canonical/cilium-rocks,,github-code-search,1.20.0/cilium/rockcraft.yaml,FALSE,FALSE,
canonical,cloud-init-io,https://github.com/canonical/cloud-init.io,,github-code-search,rockcraft.yaml,FALSE,FALSE,
canonical,cluster-autoscaler,https://github.com/canonical/cluster-autoscaler-rock,,github-code-search,1.24.0/rockcraft.yaml,FALSE,FALSE,
canonical,cluster-autoscaler,https://github.com/canonical/cluster-autoscaler-rock,,github-code-search,1.27.2/rockcraft.yaml,FALSE,FALSE,
canonical,cn-ubuntu-com,https://github.com/canonical/cn.ubuntu.com,,github-code-search,rockcraft.yaml,FALSE,FALSE,
canonical,content-cache,https://github.com/canonical/content-cache-k8s-operator,,github-code-search,content-cache_rock/rockcraft.yaml,FALSE,FALSE,
canonical,contour,https://github.com/canonical/contour-rocks,,github-code-search,1.22.3/rockcraft.yaml,FALSE,FALSE,
canonical,contour,https://github.com/canonical/contour-rocks,,github-code-search,1.26.1/rockcraft.yaml,FALSE,FALSE,
canonical,contour,https://github.com/canonical/contour-rocks,,github-code-search,1.28.2/rockcraft.yaml,FALSE,FALSE,
canonical,coredns,https://github.com/canonical/coredns-rock,,github-code-search,1.11.1/rockcraft.yaml,FALSE,FALSE,
canonical,coredns,https://github.com/canonical/coredns-rock,,github-code-search,1.11.3/rockcraft.yaml,FALSE,FALSE,
canonical,coredns,https://github.com/canonical/coredns-rock,,github-code-search,1.11.4/rockcraft.yaml,FALSE,FALSE,
canonical,coredns,https://github.com/canonical/coredns-rock,,github-code-search,1.12.0/rockcraft.yaml,FALSE,FALSE,
canonical,coredns,https://github.com/canonical/coredns-rock,,github-code-search,1.12.1/rockcraft.yaml,FALSE,FALSE,
canonical,coredns,https://github.com/canonical/coredns-rock,,github-code-search,1.12.2/rockcraft.yaml,FALSE,FALSE,
canonical,coredns,https://github.com/canonical/coredns-rock,,github-code-search,1.12.3/rockcraft.yaml,FALSE,FALSE,
canonical,coredns,https://github.com/canonical/coredns-rock,,github-code-search,1.12.4/rockcraft.yaml,FALSE,FALSE,
canonical,coredns,https://github.com/canonical/coredns-rock,,github-code-search,1.13.0/rockcraft.yaml,FALSE,FALSE,
canonical,coredns,https://github.com/canonical/coredns-rock,,github-code-search,1.13.1/rockcraft.yaml,FALSE,FALSE,
canonical,coredns,https://github.com/canonical/coredns-rock,,github-code-search,1.13.2/rockcraft.yaml,FALSE,FALSE,
canonical,coredns,https://github.com/canonical/coredns-rock,,github-code-search,1.14.0/rockcraft.yaml,FALSE,FALSE,
canonical,coredns,https://github.com/canonical/coredns-rock,,github-code-search,1.14.6/rockcraft.yaml,FALSE,FALSE,
canonical,coredns,https://github.com/canonical/coredns-rock,,github-code-search,1.14.7/rockcraft.yaml,FALSE,FALSE,
canonical,cos-alerter,https://github.com/canonical/cos-alerter,,github-code-search,rock/0.10/rockcraft.yaml,FALSE,FALSE,
canonical,cos-alerter,https://github.com/canonical/cos-alerter,,github-code-search,rockcraft.yaml,FALSE,FALSE,
canonical,cos-registration-server,https://github.com/canonical/cos-registration-server,,github-code-search,rockcraft.yaml,FALSE,FALSE,
canonical,bare-base-test-legacy,https://github.com/canonical/craft-actions,,github-code-search,tests/legacy/rockcraft.yaml,FALSE,FALSE,
canonical,bare-base-test,https://github.com/canonical/craft-actions,,github-code-search,tests/rockcraft.yaml,FALSE,FALSE,
canonical,cs-canonical-com,https://github.com/canonical/cs.canonical.com,,github-code-search,rockcraft.yaml,FALSE,FALSE,
canonical,nfsplugin,https://github.com/canonical/csi-driver-nfs-rocks,,github-code-search,nfsplugin/4.7.0/rockcraft.yaml,FALSE,FALSE,
canonical,csi-attacher,https://github.com/canonical/csi-rocks,,github-code-search,csi-attacher/4.11.0/rockcraft.yaml,FALSE,FALSE,
canonical,csi-attacher,https://github.com/canonical/csi-rocks,,github-code-search,csi-attacher/4.5.1/rockcraft.yaml,FALSE,FALSE,
canonical,csi-attacher,https://github.com/canonical/csi-rocks,,github-code-search,csi-attacher/4.6.1/rockcraft.yaml,FALSE,FALSE,
canonical,csi-node-driver-registrar,https://github.com/canonical/csi-rocks,,github-code-search,csi-node-driver-registrar/2.10.0/rockcraft.yaml,FALSE,FALSE,
canonical,csi-node-driver-registrar,https://github.com/canonical/csi-rocks,,github-code-search,csi-node-driver-registrar/2.11.1/rockcraft.yaml,FALSE,FALSE,
canonical,csi-node-driver-registrar,https://github.com/canonical/csi-rocks,,github-code-search,csi-node-driver-registrar/2.15.0/rockcraft.yaml,FALSE,FALSE,
canonical,csi-node-driver-registrar,https://github.com/canonical/csi-rocks,,github-code-search,csi-node-driver-registrar/2.16.0/rockcraft.yaml,FALSE,FALSE,
canonical,csi-node-driver-registrar,https://github.com/canonical/csi-rocks,,github-code-search,csi-node-driver-registrar/2.17.0/rockcraft.yaml,FALSE,FALSE,
canonical,csi-node-driver-registrar,https://github.com/canonical/csi-rocks,,github-code-search,csi-node-driver-registrar/2.9.2/rockcraft.yaml,FALSE,FALSE,
canonical,csi-provisioner,https://github.com/canonical/csi-rocks,,github-code-search,csi-provisioner/3.6.4/rockcraft.yaml,FALSE,FALSE,
canonical,csi-provisioner,https://github.com/canonical/csi-rocks,,github-code-search,csi-provisioner/4.0.0/rockcraft.yaml,FALSE,FALSE,
canonical,csi-provisioner,https://github.com/canonical/csi-rocks,,github-code-search,csi-provisioner/4.0.1/rockcraft.yaml,FALSE,FALSE,
canonical,csi-provisioner,https://github.com/canonical/csi-rocks,,github-code-search,csi-provisioner/5.0.2/rockcraft.yaml,FALSE,FALSE,
canonical,csi-provisioner,https://github.com/canonical/csi-rocks,,github-code-search,csi-provisioner/5.3.0/rockcraft.yaml,FALSE,FALSE,
canonical,csi-provisioner,https://github.com/canonical/csi-rocks,,github-code-search,csi-provisioner/6.2.0/rockcraft.yaml,FALSE,FALSE,
canonical,csi-provisioner,https://github.com/canonical/csi-rocks,,github-code-search,csi-provisioner/6.3.0/rockcraft.yaml,FALSE,FALSE,
canonical,csi-resizer,https://github.com/canonical/csi-rocks,,github-code-search,csi-resizer/1.10.1/rockcraft.yaml,FALSE,FALSE,
canonical,csi-resizer,https://github.com/canonical/csi-rocks,,github-code-search,csi-resizer/1.11.1/rockcraft.yaml,FALSE,FALSE,
canonical,csi-resizer,https://github.com/canonical/csi-rocks,,github-code-search,csi-resizer/1.11.2/rockcraft.yaml,FALSE,FALSE,
canonical,csi-resizer,https://github.com/canonical/csi-rocks,,github-code-search,csi-resizer/1.14.0/rockcraft.yaml,FALSE,FALSE,
canonical,csi-resizer,https://github.com/canonical/csi-rocks,,github-code-search,csi-resizer/2.1.0/rockcraft.yaml,FALSE,FALSE,
canonical,csi-resizer,https://github.com/canonical/csi-rocks,,github-code-search,csi-resizer/2.2.1/rockcraft.yaml,FALSE,FALSE,
canonical,csi-snapshotter,https://github.com/canonical/csi-rocks,,github-code-search,csi-snapshotter/6.3.3/rockcraft.yaml,FALSE,FALSE,
canonical,csi-snapshotter,https://github.com/canonical/csi-rocks,,github-code-search,csi-snapshotter/6.3.4/rockcraft.yaml,FALSE,FALSE,
canonical,csi-snapshotter,https://github.com/canonical/csi-rocks,,github-code-search,csi-snapshotter/7.0.2/rockcraft.yaml,FALSE,FALSE,
canonical,csi-snapshotter,https://github.com/canonical/csi-rocks,,github-code-search,csi-snapshotter/8.0.2/rockcraft.yaml,FALSE,FALSE,
canonical,csi-snapshotter,https://github.com/canonical/csi-rocks,,github-code-search,csi-snapshotter/8.3.0/rockcraft.yaml,FALSE,FALSE,
canonical,csi-snapshotter,https://github.com/canonical/csi-rocks,,github-code-search,csi-snapshotter/8.5.0/rockcraft.yaml,FALSE,FALSE,
canonical,csi-snapshotter,https://github.com/canonical/csi-rocks,,github-code-search,csi-snapshotter/8.6.0/rockcraft.yaml,FALSE,FALSE,
canonical,livenessprobe,https://github.com/canonical/csi-rocks,,github-code-search,livenessprobe/2.12.0/rockcraft.yaml,FALSE,FALSE,
canonical,livenessprobe,https://github.com/canonical/csi-rocks,,github-code-search,livenessprobe/2.13.1/rockcraft.yaml,FALSE,FALSE,
canonical,livenessprobe,https://github.com/canonical/csi-rocks,,github-code-search,livenessprobe/2.18.0/rockcraft.yaml,FALSE,FALSE,
canonical,snapshot-controller,https://github.com/canonical/csi-rocks,,github-code-search,snapshot-controller/6.3.3/rockcraft.yaml,FALSE,FALSE,
canonical,curl,https://github.com/canonical/curl-rock,,github-code-search,curl/8.14-25.10/rockcraft.yaml,FALSE,FALSE,
canonical,curl,https://github.com/canonical/curl-rock,,github-code-search,curl/8.18-26.04/rockcraft.yaml,FALSE,FALSE,
canonical,cve-service,https://github.com/canonical/cve-service,,github-code-search,rocks/12-factor/rockcraft.yaml,FALSE,FALSE,
canonical,cve-service,https://github.com/canonical/cve-service,,github-code-search,rocks/rockcraft.yaml,FALSE,FALSE,
canonical,dashboard,https://github.com/canonical/dashboard,,github-code-search,rockcraft.yaml,FALSE,FALSE,
canonical,dashboard,https://github.com/canonical/dashboard-operator,,github-code-search,rockcraft.yaml,FALSE,FALSE,
canonical,data-platform-k8s-mutator,https://github.com/canonical/data-platform-k8s-mutator,,github-code-search,rockcraft.yaml,FALSE,FALSE,
canonical,datahub-actions,https://github.com/canonical/datahub-k8s-operator,,github-code-search,datahub_rocks/actions/rockcraft.yaml,FALSE,FALSE,
canonical,datahub-frontend,https://github.com/canonical/datahub-k8s-operator,,github-code-search,datahub_rocks/frontend/rockcraft.yaml,FALSE,FALSE,
canonical,datahub-gms,https://github.com/canonical/datahub-k8s-operator,,github-code-search,datahub_rocks/gms/rockcraft.yaml,FALSE,FALSE,
canonical,datahub-mcp,https://github.com/canonical/datahub-mcp-k8s-operator,,github-code-search,rock/rockcraft.yaml,FALSE,FALSE,
canonical,dex,https://github.com/canonical/dex-auth-rocks,,github-code-search,dex/rockcraft.yaml,FALSE,FALSE,
canonical,discourse,https://github.com/canonical/discourse-k8s-operator,,github-code-search,discourse_rock/rockcraft.yaml,FALSE,FALSE,
canonical,documentationacademy-org,https://github.com/canonical/documentationacademy.org,,github-code-search,rockcraft.yaml,FALSE,FALSE,
canonical,dotnet-aspnet,https://github.com/canonical/dotnet-aspnet-rock,,github-code-search,dotnet-aspnet-rock/10.0-26.04/rockcraft.yaml,FALSE,FALSE,
canonical,dotnet-aspnet,https://github.com/canonical/dotnet-aspnet-rock,,github-code-search,dotnet-aspnet-rock/9.0-25.04/rockcraft.yaml,FALSE,FALSE,
canonical,dotnet-deps,https://github.com/canonical/dotnet-deps-rock,,github-code-search,dotnet-deps-rock/10.0-26.04/rockcraft.yaml,FALSE,FALSE,
canonical,dotnet-deps,https://github.com/canonical/dotnet-deps-rock,,github-code-search,dotnet-deps-rock/9.0-25.04/rockcraft.yaml,FALSE,FALSE,
canonical,dotnet-runtime,https://github.com/canonical/dotnet-runtime-rock,,github-code-search,dotnet-runtime-rock/10.0-26.04/rockcraft.yaml,FALSE,FALSE,
canonical,dotnet-runtime,https://github.com/canonical/dotnet-runtime-rock,,github-code-search,dotnet-runtime-rock/9.0-25.04/rockcraft.yaml,FALSE,FALSE,
canonical,envoy,https://github.com/canonical/envoy-rock,,github-code-search,1.28.2/rockcraft.yaml,FALSE,FALSE,
canonical,falcosidekick,https://github.com/canonical/falco-operators,,github-code-search,falcosidekick-k8s-operator/rock/rockcraft.yaml,FALSE,FALSE,
canonical,falco-driver-loader,https://github.com/canonical/falco-rocks,,github-code-search,falco-driver-loader/0.38.2/rockcraft.yaml,FALSE,FALSE,
canonical,falco-driver-loader,https://github.com/canonical/falco-rocks,,github-code-search,falco-driver-loader/0.39.0/rockcraft.yaml,FALSE,FALSE,
canonical,falco-exporter,https://github.com/canonical/falco-rocks,,github-code-search,falco-exporter/0.8.7/rockcraft.yaml,FALSE,FALSE,
canonical,falco,https://github.com/canonical/falco-rocks,,github-code-search,falco/0.38.2/rockcraft.yaml,FALSE,FALSE,
canonical,falco,https://github.com/canonical/falco-rocks,,github-code-search,falco/0.39.0/rockcraft.yaml,FALSE,FALSE,
canonical,falcoctl,https://github.com/canonical/falco-rocks,,github-code-search,falcoctl/0.10.0/rockcraft.yaml,FALSE,FALSE,
canonical,falcoctl,https://github.com/canonical/falco-rocks,,github-code-search,falcoctl/0.9.0/rockcraft.yaml,FALSE,FALSE,
canonical,falcosidekick-ui,https://github.com/canonical/falco-rocks,,github-code-search,falcosidekick-ui/2.2.0/rockcraft.yaml,FALSE,FALSE,
canonical,falcosidekick,https://github.com/canonical/falco-rocks,,github-code-search,falcosidekick/2.29.0/rockcraft.yaml,FALSE,FALSE,
canonical,k8s-metacollector,https://github.com/canonical/falco-rocks,,github-code-search,k8s-metacollector/0.1.1/rockcraft.yaml,FALSE,FALSE,
canonical,feast-operator,https://github.com/canonical/feast-rocks,,github-code-search,feast-operator/rockcraft.yaml,FALSE,FALSE,
canonical,feast-transformation-server,https://github.com/canonical/feast-rocks,,github-code-search,feast-transformation-server/rockcraft.yaml,FALSE,FALSE,
canonical,feast-ui,https://github.com/canonical/feast-rocks,,github-code-search,feast-ui/rockcraft.yaml,FALSE,FALSE,
canonical,filebrowser,https://github.com/canonical/filebrowser-rock,,github-code-search,filebrowser/rockcraft.yaml,FALSE,FALSE,
canonical,fluent-bit,https://github.com/canonical/fluent-bit-rock,,github-code-search,1.9.5/rockcraft.yaml,FALSE,FALSE,
canonical,fluent-bit,https://github.com/canonical/fluent-bit-rock,,github-code-search,2.1.6/rockcraft.yaml,FALSE,FALSE,
canonical,gatus,https://github.com/canonical/gatus-k8s-operator,,github-code-search,gatus_rock/rockcraft.yaml,FALSE,FALSE,
canonical,git-sync,https://github.com/canonical/git-sync-rock,,github-code-search,4.7/rockcraft.yaml,FALSE,FALSE,
canonical,glauth,https://github.com/canonical/glauth-rock,,github-code-search,rockcraft.yaml,FALSE,FALSE,
canonical,go,https://github.com/canonical/golang-rock,,github-code-search,go-rock/1.22-24.04/rockcraft.yaml,FALSE,FALSE,
canonical,go,https://github.com/canonical/golang-rock,,github-code-search,go-rock/1.25-26.04/rockcraft.yaml,FALSE,FALSE,
canonical,go,https://github.com/canonical/golang-rock,,github-code-search,go-rock/1.26-26.04/rockcraft.yaml,FALSE,FALSE,
canonical,gopkg,https://github.com/canonical/gopkg-charmed,,github-code-search,app/rockcraft.yaml,FALSE,FALSE,
canonical,grafana-agent,https://github.com/canonical/grafana-agent-rock,,github-code-search,0.40/rockcraft.yaml,FALSE,FALSE,
canonical,grafana,https://github.com/canonical/grafana-rock,,github-code-search,10.0.3/rockcraft.yaml,FALSE,FALSE,
canonical,grafana,https://github.com/canonical/grafana-rock,,github-code-search,10.2.0/rockcraft.yaml,FALSE,FALSE,
canonical,grafana,https://github.com/canonical/grafana-rock,,github-code-search,10.2.3/rockcraft.yaml,FALSE,FALSE,
canonical,grafana,https://github.com/canonical/grafana-rock,,github-code-search,10.3.1/rockcraft.yaml,FALSE,FALSE,
canonical,grafana,https://github.com/canonical/grafana-rock,,github-code-search,10.3.3/rockcraft.yaml,FALSE,FALSE,
canonical,grafana,https://github.com/canonical/grafana-rock,,github-code-search,10.4.0/rockcraft.yaml,FALSE,FALSE,
canonical,grafana,https://github.com/canonical/grafana-rock,,github-code-search,10.4.2/rockcraft.yaml,FALSE,FALSE,
canonical,grafana,https://github.com/canonical/grafana-rock,,github-code-search,11.0.0/rockcraft.yaml,FALSE,FALSE,
canonical,grafana,https://github.com/canonical/grafana-rock,,github-code-search,11.3.2/rockcraft.yaml,FALSE,FALSE,
canonical,grafana,https://github.com/canonical/grafana-rock,,github-code-search,11.4.0/rockcraft.yaml,FALSE,FALSE,
canonical,grafana,https://github.com/canonical/grafana-rock,,github-code-search,11.6.1/rockcraft.yaml,FALSE,FALSE,
canonical,grafana,https://github.com/canonical/grafana-rock,,github-code-search,12.0.2/rockcraft.yaml,FALSE,FALSE,
canonical,grafana,https://github.com/canonical/grafana-rock,,github-code-search,12.4.2/rockcraft.yaml,FALSE,FALSE,
canonical,grafana,https://github.com/canonical/grafana-rock,,github-code-search,12.4.4/rockcraft.yaml,FALSE,FALSE,
canonical,grafana,https://github.com/canonical/grafana-rock,,github-code-search,9.5.21/rockcraft.yaml,FALSE,FALSE,
canonical,grafana,https://github.com/canonical/grafana-rock,,github-code-search,9.5.3/rockcraft.yaml,FALSE,FALSE,
canonical,harbor-core,https://github.com/canonical/harbor-rocks,,github-code-search,v2.10.2/harbor-core/rockcraft.yaml,FALSE,FALSE,
canonical,harbor-db,https://github.com/canonical/harbor-rocks,,github-code-search,v2.10.2/harbor-db/rockcraft.yaml,FALSE,FALSE,
canonical,harbor-exporter,https://github.com/canonical/harbor-rocks,,github-code-search,v2.10.2/harbor-exporter/rockcraft.yaml,FALSE,FALSE,
canonical,harbor-jobservice,https://github.com/canonical/harbor-rocks,,github-code-search,v2.10.2/harbor-jobservice/rockcraft.yaml,FALSE,FALSE,
canonical,harbor-portal,https://github.com/canonical/harbor-rocks,,github-code-search,v2.10.2/harbor-portal/rockcraft.yaml,FALSE,FALSE,
canonical,harbor-registryctl,https://github.com/canonical/harbor-rocks,,github-code-search,v2.10.2/harbor-registryctl/rockcraft.yaml,FALSE,FALSE,
canonical,nginx-photon,https://github.com/canonical/harbor-rocks,,github-code-search,v2.10.2/nginx-photon/rockcraft.yaml,FALSE,FALSE,
canonical,redis-photon,https://github.com/canonical/harbor-rocks,,github-code-search,v2.10.2/redis-photon/rockcraft.yaml,FALSE,FALSE,
canonical,registry-photon,https://github.com/canonical/harbor-rocks,,github-code-search,v2.10.2/registry-photon/rockcraft.yaml,FALSE,FALSE,
canonical,trivy-adapter-photon,https://github.com/canonical/harbor-rocks,,github-code-search,v2.10.2/trivy-adapter-photon/rockcraft.yaml,FALSE,FALSE,
canonical,harbor-core,https://github.com/canonical/harbor-rocks,,github-code-search,v2.6.3/harbor-core/rockcraft.yaml,FALSE,FALSE,
canonical,harbor-db,https://github.com/canonical/harbor-rocks,,github-code-search,v2.6.3/harbor-db/rockcraft.yaml,FALSE,FALSE,
canonical,harbor-exporter,https://github.com/canonical/harbor-rocks,,github-code-search,v2.6.3/harbor-exporter/rockcraft.yaml,FALSE,FALSE,
canonical,harbor-jobservice,https://github.com/canonical/harbor-rocks,,github-code-search,v2.6.3/harbor-jobservice/rockcraft.yaml,FALSE,FALSE,
canonical,harbor-portal,https://github.com/canonical/harbor-rocks,,github-code-search,v2.6.3/harbor-portal/rockcraft.yaml,FALSE,FALSE,
canonical,harbor-registryctl,https://github.com/canonical/harbor-rocks,,github-code-search,v2.6.3/harbor-registryctl/rockcraft.yaml,FALSE,FALSE,
canonical,nginx-photon,https://github.com/canonical/harbor-rocks,,github-code-search,v2.6.3/nginx-photon/rockcraft.yaml,FALSE,FALSE,
canonical,redis-photon,https://github.com/canonical/harbor-rocks,,github-code-search,v2.6.3/redis-photon/rockcraft.yaml,FALSE,FALSE,
canonical,registry-photon,https://github.com/canonical/harbor-rocks,,github-code-search,v2.6.3/registry-photon/rockcraft.yaml,FALSE,FALSE,
canonical,trivy-adapter-photon,https://github.com/canonical/harbor-rocks,,github-code-search,v2.6.3/trivy-adapter-photon/rockcraft.yaml,FALSE,FALSE,
canonical,harbor-core,https://github.com/canonical/harbor-rocks,,github-code-search,v2.9.3/harbor-core/rockcraft.yaml,FALSE,FALSE,
canonical,harbor-db,https://github.com/canonical/harbor-rocks,,github-code-search,v2.9.3/harbor-db/rockcraft.yaml,FALSE,FALSE,
canonical,harbor-exporter,https://github.com/canonical/harbor-rocks,,github-code-search,v2.9.3/harbor-exporter/rockcraft.yaml,FALSE,FALSE,
canonical,harbor-jobservice,https://github.com/canonical/harbor-rocks,,github-code-search,v2.9.3/harbor-jobservice/rockcraft.yaml,FALSE,FALSE,
canonical,harbor-portal,https://github.com/canonical/harbor-rocks,,github-code-search,v2.9.3/harbor-portal/rockcraft.yaml,FALSE,FALSE,
canonical,harbor-registryctl,https://github.com/canonical/harbor-rocks,,github-code-search,v2.9.3/harbor-registryctl/rockcraft.yaml,FALSE,FALSE,
canonical,nginx-photon,https://github.com/canonical/harbor-rocks,,github-code-search,v2.9.3/nginx-photon/rockcraft.yaml,FALSE,FALSE,
canonical,redis-photon,https://github.com/canonical/harbor-rocks,,github-code-search,v2.9.3/redis-photon/rockcraft.yaml,FALSE,FALSE,
canonical,registry-photon,https://github.com/canonical/harbor-rocks,,github-code-search,v2.9.3/registry-photon/rockcraft.yaml,FALSE,FALSE,
canonical,trivy-adapter-photon,https://github.com/canonical/harbor-rocks,,github-code-search,v2.9.3/trivy-adapter-photon/rockcraft.yaml,FALSE,FALSE,
canonical,hive-metastore,https://github.com/canonical/hive-metastore-k8s-operator,,github-code-search,hive_metastore_rock/rockcraft.yaml,FALSE,FALSE,
canonical,hockeypuck,https://github.com/canonical/hockeypuck-k8s-operator,,github-code-search,hockeypuck_rock/rockcraft.yaml,FALSE,FALSE,
canonical,hook-service,https://github.com/canonical/hook-service,,github-code-search,rockcraft.yaml,FALSE,FALSE,
canonical,hpl,https://github.com/canonical/hpl-rock,,github-code-search,rockcraft.yaml,FALSE,FALSE,
canonical,frappe-hrms,https://github.com/canonical/hrms-operator,,github-code-search,hrms_rock/rockcraft.yaml,FALSE,FALSE,
canonical,httprequest-lego-provider,https://github.com/canonical/httprequest-lego-provider,,github-code-search,rockcraft.yaml,FALSE,FALSE,
canonical,hydra,https://github.com/canonical/hydra-rock,,github-code-search,rockcraft.yaml,FALSE,FALSE,
canonical,identity-platform-admin-ui,https://github.com/canonical/identity-platform-admin-ui,,github-code-search,rockcraft.yaml,FALSE,FALSE,
canonical,identity-platform-login-ui,https://github.com/canonical/identity-platform-login-ui,,github-code-search,rockcraft.yaml,FALSE,FALSE,
canonical,identity-saml-provider,https://github.com/canonical/identity-saml-provider,,github-code-search,rockcraft.yaml,FALSE,FALSE,
canonical,indico,https://github.com/canonical/indico-operator,,github-code-search,indico_rock/rockcraft.yaml,FALSE,FALSE,
canonical,controller,https://github.com/canonical/ingress-nginx-rocks,,github-code-search,controller/v1.10.1/rockcraft.yaml,FALSE,FALSE,
canonical,controller,https://github.com/canonical/ingress-nginx-rocks,,github-code-search,controller/v1.11.0/rockcraft.yaml,FALSE,FALSE,
canonical,kube-webhook-certgen,https://github.com/canonical/ingress-nginx-rocks,,github-code-search,kube-webhook-certgen/v1.4.0/rockcraft.yaml,FALSE,FALSE,
canonical,kube-webhook-certgen,https://github.com/canonical/ingress-nginx-rocks,,github-code-search,kube-webhook-certgen/v1.4.1/rockcraft.yaml,FALSE,FALSE,
canonical,iptables,https://github.com/canonical/iptables-rock,,github-code-search,iptables/1.8-22.04/rockcraft.yaml,FALSE,FALSE,
canonical,istio-install-cni,https://github.com/canonical/istio-install-cni-rock,,github-code-search,1.28.6/rockcraft.yaml,FALSE,FALSE,
canonical,istio-install-cni,https://github.com/canonical/istio-install-cni-rock,,github-code-search,1.28.8/rockcraft.yaml,FALSE,FALSE,
canonical,istio-install-cni,https://github.com/canonical/istio-install-cni-rock,,github-code-search,1.29.0/rockcraft.yaml,FALSE,FALSE,
canonical,istio-install-cni,https://github.com/canonical/istio-install-cni-rock,,github-code-search,1.30.0/rockcraft.yaml,FALSE,FALSE,
canonical,istio-pilot,https://github.com/canonical/istio-pilot-rock,,github-code-search,1.28.6/rockcraft.yaml,FALSE,FALSE,
canonical,istio-pilot,https://github.com/canonical/istio-pilot-rock,,github-code-search,1.28.8/rockcraft.yaml,FALSE,FALSE,
canonical,istio-pilot,https://github.com/canonical/istio-pilot-rock,,github-code-search,1.28.9/rockcraft.yaml,FALSE,FALSE,
canonical,istio-pilot,https://github.com/canonical/istio-pilot-rock,,github-code-search,1.29.0/rockcraft.yaml,FALSE,FALSE,
canonical,istio-pilot,https://github.com/canonical/istio-pilot-rock,,github-code-search,1.30.0/rockcraft.yaml,FALSE,FALSE,
canonical,istio-ztunnel,https://github.com/canonical/istio-ztunnel-rock,,github-code-search,1.29.0/rockcraft.yaml,FALSE,FALSE,
canonical,istio-ztunnel,https://github.com/canonical/istio-ztunnel-rock,,github-code-search,1.30.0/rockcraft.yaml,FALSE,FALSE,
canonical,jdk,https://github.com/canonical/jdk-rock,,github-code-search,jdk/17-24.04/rockcraft.yaml,FALSE,FALSE,
canonical,jdk,https://github.com/canonical/jdk-rock,,github-code-search,jdk/21-24.04/rockcraft.yaml,FALSE,FALSE,
canonical,jdk,https://github.com/canonical/jdk-rock,,github-code-search,jdk/25-26.04/rockcraft.yaml,FALSE,FALSE,
canonical,jellyfin,https://github.com/canonical/jellyfin-rock,,github-code-search,jellyfin/10.11.0-24.04/rockcraft.yaml,FALSE,FALSE,
canonical,jenkins-agent-k8s,https://github.com/canonical/jenkins-agent-k8s-operator,,github-code-search,jenkins_agent_k8s_rock/rockcraft.yaml,FALSE,FALSE,
canonical,jenkins,https://github.com/canonical/jenkins-k8s-operator,,github-code-search,jenkins_rock/rockcraft.yaml,FALSE,FALSE,
canonical,jp-ubuntu-com,https://github.com/canonical/jp.ubuntu.com,,github-code-search,rockcraft.yaml,FALSE,FALSE,
canonical,jre,https://github.com/canonical/jre-rock,,github-code-search,jre/11-jre-24.04/rockcraft.yaml,FALSE,FALSE,
canonical,jre,https://github.com/canonical/jre-rock,,github-code-search,jre/17-jre-24.04/rockcraft.yaml,FALSE,FALSE,
canonical,jre,https://github.com/canonical/jre-rock,,github-code-search,jre/21-jre-24.04/rockcraft.yaml,FALSE,FALSE,
canonical,jre,https://github.com/canonical/jre-rock,,github-code-search,jre/25-jre-26.04/rockcraft.yaml,FALSE,FALSE,
canonical,jupyter-pytorch-full,https://github.com/canonical/jupyter-pytorch-full-rock,,github-code-search,rockcraft.yaml,FALSE,FALSE,
canonical,hello,https://github.com/canonical/k8s-workflows,,github-code-search,tests/workflows/rock/rockcraft.yaml,FALSE,FALSE,
canonical,hello,https://github.com/canonical/k8s-workflows,,github-code-search,tests/workflows/rock/static/rockcraft.yaml,FALSE,FALSE,
canonical,kafka,https://github.com/canonical/kafka-rock,,github-code-search,rockcraft.yaml,FALSE,FALSE,
canonical,earlystopping-medianstop,https://github.com/canonical/katib-rocks,,github-code-search,earlystopping-medianstop/rockcraft.yaml,FALSE,FALSE,
canonical,file-metrics-collector,https://github.com/canonical/katib-rocks,,github-code-search,file-metrics-collector/rockcraft.yaml,FALSE,FALSE,
canonical,katib-controller,https://github.com/canonical/katib-rocks,,github-code-search,katib-controller/rockcraft.yaml,FALSE,FALSE,
canonical,katib-db-manager,https://github.com/canonical/katib-rocks,,github-code-search,katib-db-manager/rockcraft.yaml,FALSE,FALSE,
canonical,katib-ui,https://github.com/canonical/katib-rocks,,github-code-search,katib-ui-rock/rockcraft.yaml,FALSE,FALSE,
canonical,suggestion-enas,https://github.com/canonical/katib-rocks,,github-code-search,suggestion-enas/rockcraft.yaml,FALSE,FALSE,
canonical,suggestion-goptuna,https://github.com/canonical/katib-rocks,,github-code-search,suggestion-goptuna/rockcraft.yaml,FALSE,FALSE,
canonical,suggestion-hyperband,https://github.com/canonical/katib-rocks,,github-code-search,suggestion-hyperband/rockcraft.yaml,FALSE,FALSE,
canonical,suggestion-hyperopt,https://github.com/canonical/katib-rocks,,github-code-search,suggestion-hyperopt/rockcraft.yaml,FALSE,FALSE,
canonical,suggestion-nas-darts,https://github.com/canonical/katib-rocks,,github-code-search,suggestion-nas-darts/rockcraft.yaml,FALSE,FALSE,
canonical,suggestion-optuna,https://github.com/canonical/katib-rocks,,github-code-search,suggestion-optuna/rockcraft.yaml,FALSE,FALSE,
canonical,suggestion-pbt,https://github.com/canonical/katib-rocks,,github-code-search,suggestion-pbt/rockcraft.yaml,FALSE,FALSE,
canonical,suggestion-skopt,https://github.com/canonical/katib-rocks,,github-code-search,suggestion-skopt/rockcraft.yaml,FALSE,FALSE,
canonical,tfevent-metrics-collector,https://github.com/canonical/katib-rocks,,github-code-search,tfevent-metrics-collector/rockcraft.yaml,FALSE,FALSE,
canonical,kepler,https://github.com/canonical/kepler-rocks,,github-code-search,0.7.8/rockcraft.yaml,FALSE,FALSE,
canonical,kiali,https://github.com/canonical/kiali-rock,,github-code-search,2.3.0/rockcraft.yaml,FALSE,FALSE,
canonical,knative-serving-autoscaler-hpa,https://github.com/canonical/knative-rocks,,github-code-search,autoscaler-hpa/rockcraft.yaml,FALSE,FALSE,
canonical,knative-eventing-broker-filter,https://github.com/canonical/knative-rocks,,github-code-search,knative-eventing-broker-filter/rockcraft.yaml,FALSE,FALSE,
canonical,knative-eventing-broker-ingress,https://github.com/canonical/knative-rocks,,github-code-search,knative-eventing-broker-ingress/rockcraft.yaml,FALSE,FALSE,
canonical,knative-eventing-channel-controller,https://github.com/canonical/knative-rocks,,github-code-search,knative-eventing-channel-controller/rockcraft.yaml,FALSE,FALSE,
canonical,knative-eventing-channel-dispatcher,https://github.com/canonical/knative-rocks,,github-code-search,knative-eventing-channel-dispatcher/rockcraft.yaml,FALSE,FALSE,
canonical,knative-eventing-controller,https://github.com/canonical/knative-rocks,,github-code-search,knative-eventing-controller/rockcraft.yaml,FALSE,FALSE,
canonical,knative-eventing-job-sink,https://github.com/canonical/knative-rocks,,github-code-search,knative-eventing-job-sink/rockcraft.yaml,FALSE,FALSE,
canonical,knative-eventing-mtchannel-broker,https://github.com/canonical/knative-rocks,,github-code-search,knative-eventing-mtchannel-broker/rockcraft.yaml,FALSE,FALSE,
canonical,knative-eventing-mtping,https://github.com/canonical/knative-rocks,,github-code-search,knative-eventing-mtping/rockcraft.yaml,FALSE,FALSE,
canonical,knative-eventing-webhook,https://github.com/canonical/knative-rocks,,github-code-search,knative-eventing-webhook/rockcraft.yaml,FALSE,FALSE,
canonical,knative-operator,https://github.com/canonical/knative-rocks,,github-code-search,knative-operator/rockcraft.yaml,FALSE,FALSE,
canonical,knative-serving-activator,https://github.com/canonical/knative-rocks,,github-code-search,knative-serving-activator/rockcraft.yaml,FALSE,FALSE,
canonical,knative-serving-autoscaler,https://github.com/canonical/knative-rocks,,github-code-search,knative-serving-autoscaler/rockcraft.yaml,FALSE,FALSE,
canonical,knative-serving-controller,https://github.com/canonical/knative-rocks,,github-code-search,knative-serving-controller/rockcraft.yaml,FALSE,FALSE,
canonical,knative-serving-default-domain,https://github.com/canonical/knative-rocks,,github-code-search,knative-serving-default-domain/rockcraft.yaml,FALSE,FALSE,
canonical,knative-serving-queue,https://github.com/canonical/knative-rocks,,github-code-search,knative-serving-queue/rockcraft.yaml,FALSE,FALSE,
canonical,knative-serving-webhook,https://github.com/canonical/knative-rocks,,github-code-search,knative-serving-webhook/rockcraft.yaml,FALSE,FALSE,
canonical,knative-webhook,https://github.com/canonical/knative-rocks,,github-code-search,knative-webhook/rockcraft.yaml,FALSE,FALSE,
canonical,migrate,https://github.com/canonical/knative-rocks,,github-code-search,migrate/rockcraft.yaml,FALSE,FALSE,
canonical,net-istio-controller,https://github.com/canonical/knative-rocks,,github-code-search,net-istio-controller/rockcraft.yaml,FALSE,FALSE,
canonical,net-istio-webhook,https://github.com/canonical/knative-rocks,,github-code-search,net-istio-webhook/rockcraft.yaml,FALSE,FALSE,
canonical,knative-serving-controller,https://github.com/canonical/knative-serving-rocks,,github-code-search,controller/rockcraft.yaml,FALSE,FALSE,
canonical,kratos,https://github.com/canonical/kratos-rock,,github-code-search,rockcraft.yaml,FALSE,FALSE,
canonical,kserve-agent,https://github.com/canonical/kserve-rocks,,github-code-search,agent/rockcraft.yaml,FALSE,FALSE,
canonical,artexplainer,https://github.com/canonical/kserve-rocks,,github-code-search,artexplainer/rockcraft.yaml,FALSE,FALSE,
canonical,kserve-controller,https://github.com/canonical/kserve-rocks,,github-code-search,controller/rockcraft.yaml,FALSE,FALSE,
canonical,huggingfaceserver-cpu,https://github.com/canonical/kserve-rocks,,github-code-search,huggingfaceserver-cpu/rockcraft.yaml,FALSE,FALSE,
canonical,huggingfaceserver,https://github.com/canonical/kserve-rocks,,github-code-search,huggingfaceserver/rockcraft.yaml,FALSE,FALSE,
canonical,lgbserver,https://github.com/canonical/kserve-rocks,,github-code-search,lgbserver/rockcraft.yaml,FALSE,FALSE,
canonical,llm-d-inference-scheduler,https://github.com/canonical/kserve-rocks,,github-code-search,llm-d-inference-scheduler/rockcraft.yaml,FALSE,FALSE,
canonical,llm-d-routing-sidecar,https://github.com/canonical/kserve-rocks,,github-code-search,llm-d-routing-sidecar/rockcraft.yaml,FALSE,FALSE,
canonical,kserve-llmisvc-controller,https://github.com/canonical/kserve-rocks,,github-code-search,llmisvc-controller/rockcraft.yaml,FALSE,FALSE,
canonical,lws,https://github.com/canonical/kserve-rocks,,github-code-search,lws/rockcraft.yaml,FALSE,FALSE,
canonical,paddleserver,https://github.com/canonical/kserve-rocks,,github-code-search,paddleserver/rockcraft.yaml,FALSE,FALSE,
canonical,pmmlserver,https://github.com/canonical/kserve-rocks,,github-code-search,pmmlserver/rockcraft.yaml,FALSE,FALSE,
canonical,predictiveserver,https://github.com/canonical/kserve-rocks,,github-code-search,predictiveserver/rockcraft.yaml,FALSE,FALSE,
canonical,kserve-router,https://github.com/canonical/kserve-rocks,,github-code-search,router/rockcraft.yaml,FALSE,FALSE,
canonical,sklearnserver,https://github.com/canonical/kserve-rocks,,github-code-search,sklearnserver/rockcraft.yaml,FALSE,FALSE,
canonical,storage-initializer,https://github.com/canonical/kserve-rocks,,github-code-search,storage-initializer/rockcraft.yaml,FALSE,FALSE,
canonical,tensorflow-serving,https://github.com/canonical/kserve-rocks,,github-code-search,tensorflow-serving/rockcraft.yaml,FALSE,FALSE,
canonical,torchserve-kfs,https://github.com/canonical/kserve-rocks,,github-code-search,torchserve-kfs/rockcraft.yaml,FALSE,FALSE,
canonical,vllm-cpu,https://github.com/canonical/kserve-rocks,,github-code-search,vllm-cpu/rockcraft.yaml,FALSE,FALSE,
canonical,vllm-cuda-gpu,https://github.com/canonical/kserve-rocks,,github-code-search,vllm-cuda-gpu/rockcraft.yaml,FALSE,FALSE,
canonical,xgbserver,https://github.com/canonical/kserve-rocks,,github-code-search,xgbserver/rockcraft.yaml,FALSE,FALSE,
canonical,admission-webhook,https://github.com/canonical/kubeflow-dashboard-rocks,,github-code-search,admission-webhook/rockcraft.yaml,FALSE,FALSE,
canonical,centraldashboard,https://github.com/canonical/kubeflow-dashboard-rocks,,github-code-search,centraldashboard/rockcraft.yaml,FALSE,FALSE,
canonical,kfam,https://github.com/canonical/kubeflow-dashboard-rocks,,github-code-search,kfam/rockcraft.yaml,FALSE,FALSE,
canonical,profile-controller,https://github.com/canonical/kubeflow-dashboard-rocks,,github-code-search,profile-controller/rockcraft.yaml,FALSE,FALSE,
canonical,model-registry-server,https://github.com/canonical/kubeflow-model-registry-rocks,,github-code-search,server/rockcraft.yaml,FALSE,FALSE,
canonical,model-registry-storage-initializer,https://github.com/canonical/kubeflow-model-registry-rocks,,github-code-search,storage-initializer/rockcraft.yaml,FALSE,FALSE,
canonical,model-registry-ui,https://github.com/canonical/kubeflow-model-registry-rocks,,github-code-search,ui/rockcraft.yaml,FALSE,FALSE,
canonical,codeserver-python,https://github.com/canonical/kubeflow-notebook-rocks,,github-code-search,codeserver-python/rockcraft.yaml,FALSE,FALSE,
canonical,jupyter-pytorch-full,https://github.com/canonical/kubeflow-notebook-rocks,,github-code-search,jupyter-pytorch-full/rockcraft.yaml,FALSE,FALSE,
canonical,jupyter-scipy,https://github.com/canonical/kubeflow-notebook-rocks,,github-code-search,jupyter-scipy/rockcraft.yaml,FALSE,FALSE,
canonical,jupyter-tensorflow-full,https://github.com/canonical/kubeflow-notebook-rocks,,github-code-search,jupyter-tensorflow-full/rockcraft.yaml,FALSE,FALSE,
canonical,jupyter-web-app,https://github.com/canonical/kubeflow-notebook-rocks,,github-code-search,jupyter-web-app/rockcraft.yaml,FALSE,FALSE,
canonical,notebook-controller,https://github.com/canonical/kubeflow-notebook-rocks,,github-code-search,notebook-controller/rockcraft.yaml,FALSE,FALSE,
canonical,pvcviewer-controller,https://github.com/canonical/kubeflow-notebook-rocks,,github-code-search,pvcviewer-controller/rockcraft.yaml,FALSE,FALSE,
canonical,rstudio-tidyverse,https://github.com/canonical/kubeflow-notebook-rocks,,github-code-search,rstudio-tidyverse/rockcraft.yaml,FALSE,FALSE,
canonical,tensorboard-controller,https://github.com/canonical/kubeflow-notebook-rocks,,github-code-search,tensorboard-controller/rockcraft.yaml,FALSE,FALSE,
canonical,tensorboards-web-app,https://github.com/canonical/kubeflow-notebook-rocks,,github-code-search,tensorboards-web-app/rockcraft.yaml,FALSE,FALSE,
canonical,volumes-web-app,https://github.com/canonical/kubeflow-notebook-rocks,,github-code-search,volumes-web-app/rockcraft.yaml,FALSE,FALSE,
canonical,dataset-initializer,https://github.com/canonical/kubeflow-trainer-rocks,,github-code-search,dataset-initializer/rockcraft.yaml,FALSE,FALSE,
canonical,jobset,https://github.com/canonical/kubeflow-trainer-rocks,,github-code-search,jobset/rockcraft.yaml,FALSE,FALSE,
canonical,kubeflow-trainer,https://github.com/canonical/kubeflow-trainer-rocks,,github-code-search,kubeflow-trainer/rockcraft.yaml,FALSE,FALSE,
canonical,leaderworkerset,https://github.com/canonical/kubeflow-trainer-rocks,,github-code-search,leaderworkerset/rockcraft.yaml,FALSE,FALSE,
canonical,model-initializer,https://github.com/canonical/kubeflow-trainer-rocks,,github-code-search,model-initializer/rockcraft.yaml,FALSE,FALSE,
canonical,language-tool,https://github.com/canonical/language-tool-k8s-charm,,github-code-search,rockcraft.yaml,FALSE,FALSE,
canonical,launchpad-ui,https://github.com/canonical/launchpad-ui,,github-code-search,rockcraft.yaml,FALSE,FALSE,
canonical,lego,https://github.com/canonical/lego-rock,,github-code-search,rockcraft.yaml,FALSE,FALSE,
canonical,library-rock,https://github.com/canonical/library.canonical.com,,github-code-search,rockcraft.yaml,FALSE,FALSE,
canonical,litestream,https://github.com/canonical/litestream-rock,,github-code-search,0.5/rockcraft.yaml,FALSE,FALSE,
canonical,litmuschaos-authserver,https://github.com/canonical/litmus-rocks,,github-code-search,litmuschaos-authserver/3.29/rockcraft.yaml,FALSE,FALSE,
canonical,litmuschaos-event-tracker,https://github.com/canonical/litmus-rocks,,github-code-search,litmuschaos-event-tracker/3.29/rockcraft.yaml,FALSE,FALSE,
canonical,litmuschaos-exporter,https://github.com/canonical/litmus-rocks,,github-code-search,litmuschaos-exporter/3.29/rockcraft.yaml,FALSE,FALSE,
canonical,litmuschaos-frontend,https://github.com/canonical/litmus-rocks,,github-code-search,litmuschaos-frontend/3.29/rockcraft.yaml,FALSE,FALSE,
canonical,litmuschaos-operator,https://github.com/canonical/litmus-rocks,,github-code-search,litmuschaos-operator/3.29/rockcraft.yaml,FALSE,FALSE,
canonical,litmuschaos-runner,https://github.com/canonical/litmus-rocks,,github-code-search,litmuschaos-runner/3.29/rockcraft.yaml,FALSE,FALSE,
canonical,litmuschaos-server,https://github.com/canonical/litmus-rocks,,github-code-search,litmuschaos-server/3.29/rockcraft.yaml,FALSE,FALSE,
canonical,litmuschaos-subscriber,https://github.com/canonical/litmus-rocks,,github-code-search,litmuschaos-subscriber/3.29/rockcraft.yaml,FALSE,FALSE,
canonical,litmuschaos-authserver,https://github.com/canonical/litmuschaos-authserver-rock,,github-code-search,3.19.0/rockcraft.yaml,FALSE,FALSE,
canonical,litmuschaos-authserver,https://github.com/canonical/litmuschaos-authserver-rock,,github-code-search,3.20.0/rockcraft.yaml,FALSE,FALSE,
canonical,litmuschaos-authserver,https://github.com/canonical/litmuschaos-authserver-rock,,github-code-search,3.21.0/rockcraft.yaml,FALSE,FALSE,
canonical,litmuschaos-authserver,https://github.com/canonical/litmuschaos-authserver-rock,,github-code-search,3.22.0/rockcraft.yaml,FALSE,FALSE,
canonical,litmuschaos-authserver,https://github.com/canonical/litmuschaos-authserver-rock,,github-code-search,3.23.0/rockcraft.yaml,FALSE,FALSE,
canonical,litmuschaos-authserver,https://github.com/canonical/litmuschaos-authserver-rock,,github-code-search,3.24.0/rockcraft.yaml,FALSE,FALSE,
canonical,litmuschaos-authserver,https://github.com/canonical/litmuschaos-authserver-rock,,github-code-search,3.25.0/rockcraft.yaml,FALSE,FALSE,
canonical,litmuschaos-authserver,https://github.com/canonical/litmuschaos-authserver-rock,,github-code-search,3.26.0/rockcraft.yaml,FALSE,FALSE,
canonical,litmuschaos-authserver,https://github.com/canonical/litmuschaos-authserver-rock,,github-code-search,3.27.0/rockcraft.yaml,FALSE,FALSE,
canonical,litmuschaos-authserver,https://github.com/canonical/litmuschaos-authserver-rock,,github-code-search,3.28.0/rockcraft.yaml,FALSE,FALSE,
canonical,litmuschaos-frontend,https://github.com/canonical/litmuschaos-frontend-rock,,github-code-search,3.19.0/rockcraft.yaml,FALSE,FALSE,
canonical,litmuschaos-frontend,https://github.com/canonical/litmuschaos-frontend-rock,,github-code-search,3.20.0/rockcraft.yaml,FALSE,FALSE,
canonical,litmuschaos-frontend,https://github.com/canonical/litmuschaos-frontend-rock,,github-code-search,3.21.0/rockcraft.yaml,FALSE,FALSE,
canonical,litmuschaos-frontend,https://github.com/canonical/litmuschaos-frontend-rock,,github-code-search,3.22.0/rockcraft.yaml,FALSE,FALSE,
canonical,litmuschaos-frontend,https://github.com/canonical/litmuschaos-frontend-rock,,github-code-search,3.23.0/rockcraft.yaml,FALSE,FALSE,
canonical,litmuschaos-frontend,https://github.com/canonical/litmuschaos-frontend-rock,,github-code-search,3.24.0/rockcraft.yaml,FALSE,FALSE,
canonical,litmuschaos-frontend,https://github.com/canonical/litmuschaos-frontend-rock,,github-code-search,3.25.0/rockcraft.yaml,FALSE,FALSE,
canonical,litmuschaos-frontend,https://github.com/canonical/litmuschaos-frontend-rock,,github-code-search,3.26.0/rockcraft.yaml,FALSE,FALSE,
canonical,litmuschaos-frontend,https://github.com/canonical/litmuschaos-frontend-rock,,github-code-search,3.27.0/rockcraft.yaml,FALSE,FALSE,
canonical,litmuschaos-frontend,https://github.com/canonical/litmuschaos-frontend-rock,,github-code-search,3.28.0/rockcraft.yaml,FALSE,FALSE,
canonical,litmuschaos-server,https://github.com/canonical/litmuschaos-server-rock,,github-code-search,3.19.0/rockcraft.yaml,FALSE,FALSE,
canonical,litmuschaos-server,https://github.com/canonical/litmuschaos-server-rock,,github-code-search,3.20.0/rockcraft.yaml,FALSE,FALSE,
canonical,litmuschaos-server,https://github.com/canonical/litmuschaos-server-rock,,github-code-search,3.21.0/rockcraft.yaml,FALSE,FALSE,
canonical,litmuschaos-server,https://github.com/canonical/litmuschaos-server-rock,,github-code-search,3.22.0/rockcraft.yaml,FALSE,FALSE,
canonical,litmuschaos-server,https://github.com/canonical/litmuschaos-server-rock,,github-code-search,3.23.0/rockcraft.yaml,FALSE,FALSE,
canonical,litmuschaos-server,https://github.com/canonical/litmuschaos-server-rock,,github-code-search,3.24.0/rockcraft.yaml,FALSE,FALSE,
canonical,litmuschaos-server,https://github.com/canonical/litmuschaos-server-rock,,github-code-search,3.25.0/rockcraft.yaml,FALSE,FALSE,
canonical,litmuschaos-server,https://github.com/canonical/litmuschaos-server-rock,,github-code-search,3.26.0/rockcraft.yaml,FALSE,FALSE,
canonical,litmuschaos-server,https://github.com/canonical/litmuschaos-server-rock,,github-code-search,3.27.0/rockcraft.yaml,FALSE,FALSE,
canonical,litmuschaos-server,https://github.com/canonical/litmuschaos-server-rock,,github-code-search,3.28.0/rockcraft.yaml,FALSE,FALSE,
canonical,loki,https://github.com/canonical/loki-rock,,github-code-search,2.8.4/rockcraft.yaml,FALSE,FALSE,
canonical,loki,https://github.com/canonical/loki-rock,,github-code-search,2.9.15/rockcraft.yaml,FALSE,FALSE,
canonical,loki,https://github.com/canonical/loki-rock,,github-code-search,2.9.2/rockcraft.yaml,FALSE,FALSE,
canonical,loki,https://github.com/canonical/loki-rock,,github-code-search,2.9.3/rockcraft.yaml,FALSE,FALSE,
canonical,loki,https://github.com/canonical/loki-rock,,github-code-search,2.9.4/rockcraft.yaml,FALSE,FALSE,
canonical,loki,https://github.com/canonical/loki-rock,,github-code-search,2.9.5/rockcraft.yaml,FALSE,FALSE,
canonical,loki,https://github.com/canonical/loki-rock,,github-code-search,2.9.6/rockcraft.yaml,FALSE,FALSE,
canonical,loki,https://github.com/canonical/loki-rock,,github-code-search,3.0.0/rockcraft.yaml,FALSE,FALSE,
canonical,loki,https://github.com/canonical/loki-rock,,github-code-search,3.1.0/rockcraft.yaml,FALSE,FALSE,
canonical,loki,https://github.com/canonical/loki-rock,,github-code-search,3.1.1/rockcraft.yaml,FALSE,FALSE,
canonical,loki,https://github.com/canonical/loki-rock,,github-code-search,3.3.0/rockcraft.yaml,FALSE,FALSE,
canonical,loki,https://github.com/canonical/loki-rock,,github-code-search,3.3.2/rockcraft.yaml,FALSE,FALSE,
canonical,loki,https://github.com/canonical/loki-rock,,github-code-search,3.4.1/rockcraft.yaml,FALSE,FALSE,
canonical,loki,https://github.com/canonical/loki-rock,,github-code-search,3.4.2/rockcraft.yaml,FALSE,FALSE,
canonical,loki,https://github.com/canonical/loki-rock,,github-code-search,3.4.3/rockcraft.yaml,FALSE,FALSE,
canonical,loki,https://github.com/canonical/loki-rock,,github-code-search,3.5.1/rockcraft.yaml,FALSE,FALSE,
canonical,loki,https://github.com/canonical/loki-rock,,github-code-search,3.5.2/rockcraft.yaml,FALSE,FALSE,
canonical,loki,https://github.com/canonical/loki-rock,,github-code-search,3.5.3/rockcraft.yaml,FALSE,FALSE,
canonical,loki,https://github.com/canonical/loki-rock,,github-code-search,3.5.4/rockcraft.yaml,FALSE,FALSE,
canonical,loki,https://github.com/canonical/loki-rock,,github-code-search,3.5.5/rockcraft.yaml,FALSE,FALSE,
canonical,loki,https://github.com/canonical/loki-rock,,github-code-search,3.5.6/rockcraft.yaml,FALSE,FALSE,
canonical,loki,https://github.com/canonical/loki-rock,,github-code-search,3.5.7/rockcraft.yaml,FALSE,FALSE,
canonical,loki,https://github.com/canonical/loki-rock,,github-code-search,3.5.8/rockcraft.yaml,FALSE,FALSE,
canonical,loki,https://github.com/canonical/loki-rock,,github-code-search,3.6.0/rockcraft.yaml,FALSE,FALSE,
canonical,loki,https://github.com/canonical/loki-rock,,github-code-search,3.6.1/rockcraft.yaml,FALSE,FALSE,
canonical,loki,https://github.com/canonical/loki-rock,,github-code-search,3.6.13/rockcraft.yaml,FALSE,FALSE,
canonical,loki,https://github.com/canonical/loki-rock,,github-code-search,3.6.2/rockcraft.yaml,FALSE,FALSE,
canonical,loki,https://github.com/canonical/loki-rock,,github-code-search,3.6.3/rockcraft.yaml,FALSE,FALSE,
canonical,loki,https://github.com/canonical/loki-rock,,github-code-search,3.6.4/rockcraft.yaml,FALSE,FALSE,
canonical,loki,https://github.com/canonical/loki-rock,,github-code-search,3.6.5/rockcraft.yaml,FALSE,FALSE,
canonical,loki,https://github.com/canonical/loki-rock,,github-code-search,3.6.6/rockcraft.yaml,FALSE,FALSE,
canonical,loki,https://github.com/canonical/loki-rock,,github-code-search,3.6.7/rockcraft.yaml,FALSE,FALSE,
canonical,loki,https://github.com/canonical/loki-rock,,github-code-search,3.7.1/rockcraft.yaml,FALSE,FALSE,
canonical,loki,https://github.com/canonical/loki-rock,,github-code-search,3.7.2/rockcraft.yaml,FALSE,FALSE,
canonical,loki,https://github.com/canonical/loki-rock,,github-code-search,3.7.3/rockcraft.yaml,FALSE,FALSE,
canonical,backing-image-manager,https://github.com/canonical/longhorn-rocks,,github-code-search,v1.6.2/backing-image-manager/rockcraft.yaml,FALSE,FALSE,
canonical,longhorn-engine,https://github.com/canonical/longhorn-rocks,,github-code-search,v1.6.2/longhorn-engine/rockcraft.yaml,FALSE,FALSE,
canonical,longhorn-instance-manager,https://github.com/canonical/longhorn-rocks,,github-code-search,v1.6.2/longhorn-instance-manager/rockcraft.yaml,FALSE,FALSE,
canonical,longhorn-manager,https://github.com/canonical/longhorn-rocks,,github-code-search,v1.6.2/longhorn-manager/rockcraft.yaml,FALSE,FALSE,
canonical,longhorn-share-manager,https://github.com/canonical/longhorn-rocks,,github-code-search,v1.6.2/longhorn-share-manager/rockcraft.yaml,FALSE,FALSE,
canonical,longhorn-ui,https://github.com/canonical/longhorn-rocks,,github-code-search,v1.6.2/longhorn-ui/rockcraft.yaml,FALSE,FALSE,
canonical,support-bundle-kit,https://github.com/canonical/longhorn-rocks,,github-code-search,v1.6.2/support-bundle-kit/v0.0.37/rockcraft.yaml,FALSE,FALSE,
canonical,backing-image-manager,https://github.com/canonical/longhorn-rocks,,github-code-search,v1.7.0/backing-image-manager/rockcraft.yaml,FALSE,FALSE,
canonical,longhorn-engine,https://github.com/canonical/longhorn-rocks,,github-code-search,v1.7.0/longhorn-engine/rockcraft.yaml,FALSE,FALSE,
canonical,longhorn-instance-manager,https://github.com/canonical/longhorn-rocks,,github-code-search,v1.7.0/longhorn-instance-manager/rockcraft.yaml,FALSE,FALSE,
canonical,longhorn-manager,https://github.com/canonical/longhorn-rocks,,github-code-search,v1.7.0/longhorn-manager/rockcraft.yaml,FALSE,FALSE,
canonical,longhorn-share-manager,https://github.com/canonical/longhorn-rocks,,github-code-search,v1.7.0/longhorn-share-manager/rockcraft.yaml,FALSE,FALSE,
canonical,longhorn-ui,https://github.com/canonical/longhorn-rocks,,github-code-search,v1.7.0/longhorn-ui/rockcraft.yaml,FALSE,FALSE,
canonical,support-bundle-kit,https://github.com/canonical/longhorn-rocks,,github-code-search,v1.7.0/support-bundle-kit/v0.0.41/rockcraft.yaml,FALSE,FALSE,
canonical,lp-jira-sync-bot,https://github.com/canonical/lp-jira-sync-bot,,github-code-search,lp_jira_sync_app/rockcraft.yaml,FALSE,FALSE,
canonical,maas-site-manager,https://github.com/canonical/maas-site-manager,,github-code-search,rockcraft.yaml,FALSE,FALSE,
canonical,mariadb,https://github.com/canonical/mariadb-k8s-operator,,github-code-search,mariadb_rock/rockcraft.yaml,FALSE,FALSE,
canonical,marketplace-analytics,https://github.com/canonical/marketplace-analytics,,github-code-search,rockcraft.yaml,FALSE,FALSE,
canonical,masterclasses-canonical-com,https://github.com/canonical/masterclasses.canonical.com,,github-code-search,rockcraft.yaml,FALSE,FALSE,
canonical,mattermost,https://github.com/canonical/mattermost-k8s-operator,,github-code-search,mattermost_rock/rockcraft.yaml,FALSE,FALSE,
canonical,maubot,https://github.com/canonical/maubot-operator,,github-code-search,maubot_rock/rockcraft.yaml,FALSE,FALSE,
canonical,mediawiki,https://github.com/canonical/mediawiki-k8s-operator,,github-code-search,mediawiki_rock/rockcraft.yaml,FALSE,FALSE,
canonical,memcached,https://github.com/canonical/memcached-rock,,github-code-search,memcached/1.6-26.04/rockcraft.yaml,FALSE,FALSE,
canonical,metacontroller,https://github.com/canonical/metacontroller-rock,,github-code-search,metacontroller/rockcraft.yaml,FALSE,FALSE,
canonical,frr,https://github.com/canonical/metallb-rocks,,github-code-search,frr/10.4.1/rockcraft.yaml,FALSE,FALSE,
canonical,frr,https://github.com/canonical/metallb-rocks,,github-code-search,frr/9.0.2/rockcraft.yaml,FALSE,FALSE,
canonical,frr,https://github.com/canonical/metallb-rocks,,github-code-search,frr/9.1.0/rockcraft.yaml,FALSE,FALSE,
canonical,frr,https://github.com/canonical/metallb-rocks,,github-code-search,frr/9.1.3/rockcraft.yaml,FALSE,FALSE,
canonical,metallb-controller,https://github.com/canonical/metallb-rocks,,github-code-search,metallb/v0.14.5/controller/rockcraft.yaml,FALSE,FALSE,
canonical,metallb-speaker,https://github.com/canonical/metallb-rocks,,github-code-search,metallb/v0.14.5/speaker/rockcraft.yaml,FALSE,FALSE,
canonical,metallb-controller,https://github.com/canonical/metallb-rocks,,github-code-search,metallb/v0.14.8/controller/rockcraft.yaml,FALSE,FALSE,
canonical,metallb-speaker,https://github.com/canonical/metallb-rocks,,github-code-search,metallb/v0.14.8/speaker/rockcraft.yaml,FALSE,FALSE,
canonical,metallb-controller,https://github.com/canonical/metallb-rocks,,github-code-search,metallb/v0.14.9/controller/rockcraft.yaml,FALSE,FALSE,
canonical,metallb-speaker,https://github.com/canonical/metallb-rocks,,github-code-search,metallb/v0.14.9/speaker/rockcraft.yaml,FALSE,FALSE,
canonical,metallb-controller,https://github.com/canonical/metallb-rocks,,github-code-search,metallb/v0.15.3/controller/rockcraft.yaml,FALSE,FALSE,
canonical,metallb-speaker,https://github.com/canonical/metallb-rocks,,github-code-search,metallb/v0.15.3/speaker/rockcraft.yaml,FALSE,FALSE,
canonical,metallb-controller,https://github.com/canonical/metallb-rocks,,github-code-search,metallb/v0.16.1/controller/rockcraft.yaml,FALSE,FALSE,
canonical,metallb-speaker,https://github.com/canonical/metallb-rocks,,github-code-search,metallb/v0.16.1/speaker/rockcraft.yaml,FALSE,FALSE,
canonical,metrics-proxy,https://github.com/canonical/metrics-proxy-rock,,github-code-search,0.1/rockcraft.yaml,FALSE,FALSE,
canonical,metrics-server,https://github.com/canonical/metrics-server-rock,,github-code-search,0.7.1/rockcraft.yaml,FALSE,FALSE,
canonical,metrics-server,https://github.com/canonical/metrics-server-rock,,github-code-search,0.7.2/rockcraft.yaml,FALSE,FALSE,
canonical,metrics-server,https://github.com/canonical/metrics-server-rock,,github-code-search,0.8.0/rockcraft.yaml,FALSE,FALSE,
canonical,metrics-server,https://github.com/canonical/metrics-server-rock,,github-code-search,0.9.0/rockcraft.yaml,FALSE,FALSE,
canonical,microcloud-cluster-manager,https://github.com/canonical/microcloud-cluster-manager,,github-code-search,rockcraft.yaml,FALSE,FALSE,
canonical,mimir,https://github.com/canonical/mimir-rock,,github-code-search,2.17/rockcraft.yaml,FALSE,FALSE,
canonical,mimir,https://github.com/canonical/mimir-rock,,github-code-search,3.1/rockcraft.yaml,FALSE,FALSE,
canonical,minio,https://github.com/canonical/minio-rock,,github-code-search,minio/rockcraft.yaml,FALSE,FALSE,
canonical,mlflow-prometheus-exporter,https://github.com/canonical/mlflow-prometheus-exporter,,github-code-search,mlflow_exporter/rockcraft.yaml,FALSE,FALSE,
canonical,mlflow,https://github.com/canonical/mlflow-rocks,,github-code-search,mlflow/rockcraft.yaml,FALSE,FALSE,
canonical,charmed-mongodb,https://github.com/canonical/mongodb-artifacts,,github-code-search,mongodb/rocks/charmed/rockcraft.yaml,FALSE,FALSE,
canonical,mongodb-server-replicaset,https://github.com/canonical/mongodb-artifacts,,github-code-search,mongodb/rocks/slim/mongodb-server-replicaset/rockcraft.yaml,FALSE,FALSE,
canonical,mongodb-server-sharded,https://github.com/canonical/mongodb-artifacts,,github-code-search,mongodb/rocks/slim/mongodb-server-sharded/rockcraft.yaml,FALSE,FALSE,
canonical,mongos,https://github.com/canonical/mongodb-artifacts,,github-code-search,mongos/rocks/slim/mongos/rockcraft.yaml,FALSE,FALSE,
canonical,mongodb-benchmarking-oci,https://github.com/canonical/mongodb-benchmarking-oci,,github-code-search,rockcraft.yaml,FALSE,FALSE,
canonical,multus,https://github.com/canonical/multus-rock,,github-code-search,v3.8/rockcraft.yaml,FALSE,FALSE,
canonical,multus,https://github.com/canonical/multus-rock,,github-code-search,v4.0.2/rockcraft.yaml,FALSE,FALSE,
canonical,mutating-pebble-webhook,https://github.com/canonical/mutating-pebble-webhook-rocks,,github-code-search,rockcraft.yaml,FALSE,FALSE,
canonical,mysql,https://github.com/canonical/mysql-rock,,github-code-search,rockcraft.yaml,FALSE,FALSE,
canonical,netbox,https://github.com/canonical/netbox-k8s-operator,,github-code-search,netbox/rockcraft.yaml,FALSE,FALSE,
canonical,netplan-io,https://github.com/canonical/netplan.io,,github-code-search,rockcraft.yaml,FALSE,FALSE,
canonical,nginx-prometheus-exporter,https://github.com/canonical/nginx-prometheus-exporter-rock,,github-code-search,1.5/rockcraft.yaml,FALSE,FALSE,
canonical,nginx,https://github.com/canonical/nginx-rock,,github-code-search,1.27/rockcraft.yaml,FALSE,FALSE,
canonical,nginx,https://github.com/canonical/nginx-rock,,github-code-search,1.28/rockcraft.yaml,FALSE,FALSE,
canonical,nginx,https://github.com/canonical/nginx-rock,,github-code-search,1.30/rockcraft.yaml,FALSE,FALSE,
canonical,nifi,https://github.com/canonical/nifi-rocks,,github-code-search,2.10/rockcraft.yaml,FALSE,FALSE,
canonical,node-exporter,https://github.com/canonical/node-exporter-rock,,github-code-search,1.11/rockcraft.yaml,FALSE,FALSE,
canonical,node,https://github.com/canonical/node-rock,,github-code-search,node/18-24.04/rockcraft.yaml,FALSE,FALSE,
canonical,notary,https://github.com/canonical/notary,,github-code-search,rockcraft.yaml,FALSE,FALSE,
canonical,oathkeeper,https://github.com/canonical/oathkeeper-rock,,github-code-search,rockcraft.yaml,FALSE,FALSE,
canonical,oauth2-proxy,https://github.com/canonical/oauth2-proxy-rock,,github-code-search,rockcraft.yaml,FALSE,FALSE,
canonical,hello,https://github.com/canonical/oci-factory,,github-code-search,tests/data/rockcraft.yaml,FALSE,FALSE,
canonical,oidc-authservice,https://github.com/canonical/oidc-authservice-rock,,github-code-search,oidc-authservice/rockcraft.yaml,FALSE,FALSE,
canonical,open-graph-images-generator,https://github.com/canonical/open-graph-images-generator,,github-code-search,rockcraft.yaml,FALSE,FALSE,
canonical,openbao,https://github.com/canonical/openbao-omnicraft,,github-code-search,rock/rockcraft.yaml,FALSE,FALSE,
canonical,opencti-abuseipdb-ipblacklist-connector,https://github.com/canonical/opencti-operator,,github-code-search,connectors/abuseipdb_ipblacklist/rock/rockcraft.yaml,FALSE,FALSE,
canonical,opencti-alienvault-connector,https://github.com/canonical/opencti-operator,,github-code-search,connectors/alienvault/rock/rockcraft.yaml,FALSE,FALSE,
canonical,opencti-cisa-kev-connector,https://github.com/canonical/opencti-operator,,github-code-search,connectors/cisa_kev/rock/rockcraft.yaml,FALSE,FALSE,
canonical,opencti-crowdstrike-connector,https://github.com/canonical/opencti-operator,,github-code-search,connectors/crowdstrike/rock/rockcraft.yaml,FALSE,FALSE,
canonical,opencti-cyber-campaign-connector,https://github.com/canonical/opencti-operator,,github-code-search,connectors/cyber_campaign/rock/rockcraft.yaml,FALSE,FALSE,
canonical,opencti-export-file-csv-connector,https://github.com/canonical/opencti-operator,,github-code-search,connectors/export_file_csv/rock/rockcraft.yaml,FALSE,FALSE,
canonical,opencti-export-file-stix-connector,https://github.com/canonical/opencti-operator,,github-code-search,connectors/export_file_stix/rock/rockcraft.yaml,FALSE,FALSE,
canonical,opencti-export-file-txt-connector,https://github.com/canonical/opencti-operator,,github-code-search,connectors/export_file_txt/rock/rockcraft.yaml,FALSE,FALSE,
canonical,opencti-import-document-connector,https://github.com/canonical/opencti-operator,,github-code-search,connectors/import_document/rock/rockcraft.yaml,FALSE,FALSE,
canonical,opencti-import-file-stix-connector,https://github.com/canonical/opencti-operator,,github-code-search,connectors/import_file_stix/rock/rockcraft.yaml,FALSE,FALSE,
canonical,opencti-ipinfo-connector,https://github.com/canonical/opencti-operator,,github-code-search,connectors/ipinfo/rock/rockcraft.yaml,FALSE,FALSE,
canonical,opencti-malwarebazaar-connector,https://github.com/canonical/opencti-operator,,github-code-search,connectors/malwarebazaar/rock/rockcraft.yaml,FALSE,FALSE,
canonical,opencti-misp-feed-connector,https://github.com/canonical/opencti-operator,,github-code-search,connectors/misp_feed/rock/rockcraft.yaml,FALSE,FALSE,
canonical,opencti-mitre-connector,https://github.com/canonical/opencti-operator,,github-code-search,connectors/mitre/rock/rockcraft.yaml,FALSE,FALSE,
canonical,opencti-nti-connector,https://github.com/canonical/opencti-operator,,github-code-search,connectors/nti/rock/rockcraft.yaml,FALSE,FALSE,
canonical,opencti-sekoia-connector,https://github.com/canonical/opencti-operator,,github-code-search,connectors/sekoia/rock/rockcraft.yaml,FALSE,FALSE,
canonical,opencti-urlhaus-connector,https://github.com/canonical/opencti-operator,,github-code-search,connectors/urlhaus/rock/rockcraft.yaml,FALSE,FALSE,
canonical,opencti-urlscan-connector,https://github.com/canonical/opencti-operator,,github-code-search,connectors/urlscan/rock/rockcraft.yaml,FALSE,FALSE,
canonical,opencti-urlscan-enrichment-connector,https://github.com/canonical/opencti-operator,,github-code-search,connectors/urlscan_enrichment/rock/rockcraft.yaml,FALSE,FALSE,
canonical,opencti-virustotal-livehunt-connector,https://github.com/canonical/opencti-operator,,github-code-search,connectors/virustotal_livehunt/rock/rockcraft.yaml,FALSE,FALSE,
canonical,opencti-vxvault-connector,https://github.com/canonical/opencti-operator,,github-code-search,connectors/vxvault/rock/rockcraft.yaml,FALSE,FALSE,
canonical,opencti-woap-connector,https://github.com/canonical/opencti-operator,,github-code-search,connectors/woap/rock/rockcraft.yaml,FALSE,FALSE,
canonical,opencti,https://github.com/canonical/opencti-operator,,github-code-search,opencti_rock/rockcraft.yaml,FALSE,FALSE,
canonical,openfga,https://github.com/canonical/openfga-rock,,github-code-search,rockcraft.yaml,FALSE,FALSE,
canonical,openscap-auditor,https://github.com/canonical/openscap-auditor-rock,,github-code-search,openscap-auditor/1.4-25.10/rockcraft.yaml,FALSE,FALSE,
canonical,opensearch-dashboards-charmed,https://github.com/canonical/opensearch-artifacts,,github-code-search,opensearch-dashboards/rocks/charmed/rockcraft.yaml,FALSE,FALSE,
canonical,opensearch-dashboards,https://github.com/canonical/opensearch-artifacts,,github-code-search,opensearch-dashboards/rocks/standard/rockcraft.yaml,FALSE,FALSE,
canonical,opensearch-charmed,https://github.com/canonical/opensearch-artifacts,,github-code-search,opensearch/rocks/charmed/rockcraft.yaml,FALSE,FALSE,
canonical,opensearch-chiseled,https://github.com/canonical/opensearch-artifacts,,github-code-search,opensearch/rocks/chiseled/rockcraft.yaml,FALSE,FALSE,
canonical,opensearch,https://github.com/canonical/opensearch-artifacts,,github-code-search,opensearch/rocks/standard/rockcraft.yaml,FALSE,FALSE,
canonical,opensearch-dashboards,https://github.com/canonical/opensearch-dashboards-rock,,github-code-search,rockcraft.yaml,FALSE,FALSE,
canonical,opensearch,https://github.com/canonical/opensearch-rock,,github-code-search,rockcraft.yaml,FALSE,FALSE,
canonical,openshell-container-image,https://github.com/canonical/openshell-driver-lxd,,github-code-search,rockcraft.yaml,FALSE,FALSE,
canonical,opentelemetry-collector,https://github.com/canonical/opentelemetry-collector-rock,,github-code-search,0.130/rockcraft.yaml,FALSE,FALSE,
canonical,test-foo,https://github.com/canonical/operator-workflows,,github-code-search,tests/workflows/integration/test-rock/rockcraft.yaml,FALSE,FALSE,
canonical,django-app,https://github.com/canonical/paas-charm,,github-code-search,examples/django/django_app/rockcraft.yaml,FALSE,FALSE,
canonical,django-async-app,https://github.com/canonical/paas-charm,,github-code-search,examples/django/django_async_app/rockcraft.yaml,FALSE,FALSE,
canonical,expressjs-app,https://github.com/canonical/paas-charm,,github-code-search,examples/expressjs/rockcraft.yaml,FALSE,FALSE,
canonical,fastapi-app,https://github.com/canonical/paas-charm,,github-code-search,examples/fastapi/fastapi_app/rockcraft.yaml,FALSE,FALSE,
canonical,flask-minimal-app,https://github.com/canonical/paas-charm,,github-code-search,examples/flask-minimal/flask_minimal_app/rockcraft.yaml,FALSE,FALSE,
canonical,test-async-flask,https://github.com/canonical/paas-charm,,github-code-search,examples/flask/test_async_rock/rockcraft.yaml,FALSE,FALSE,
canonical,test-db-flask,https://github.com/canonical/paas-charm,,github-code-search,examples/flask/test_db_rock/rockcraft.yaml,FALSE,FALSE,
canonical,test-flask,https://github.com/canonical/paas-charm,,github-code-search,examples/flask/test_rock/rockcraft.yaml,FALSE,FALSE,
canonical,go-app,https://github.com/canonical/paas-charm,,github-code-search,examples/go/go_app/rockcraft.yaml,FALSE,FALSE,
canonical,paas-spring-boot-app,https://github.com/canonical/paas-charm,,github-code-search,examples/springboot/spring-boot_app/rockcraft.yaml,FALSE,FALSE,
canonical,sample-app,https://github.com/canonical/paas-charm-cli,,github-code-search,app/rockcraft.yaml,FALSE,FALSE,
canonical,sample-app,https://github.com/canonical/paas-charm-cli,,github-code-search,db-app/rockcraft.yaml,FALSE,FALSE,
canonical,parca,https://github.com/canonical/parca-rock,,github-code-search,0.27/rockcraft.yaml,FALSE,FALSE,
canonical,pause,https://github.com/canonical/pause-rock,,github-code-search,3.10.1/rockcraft.yaml,FALSE,FALSE,
canonical,penpot,https://github.com/canonical/penpot-operator,,github-code-search,penpot_rock/rockcraft.yaml,FALSE,FALSE,
canonical,php,https://github.com/canonical/php-rock,,github-code-search,php/8.3-24.04/rockcraft.yaml,FALSE,FALSE,
canonical,php,https://github.com/canonical/php-rock,,github-code-search,php/8.4-25.04/rockcraft.yaml,FALSE,FALSE,
canonical,php,https://github.com/canonical/php-rock,,github-code-search,php/8.4-25.10/rockcraft.yaml,FALSE,FALSE,
canonical,php,https://github.com/canonical/php-rock,,github-code-search,php/8.5-26.04/rockcraft.yaml,FALSE,FALSE,
canonical,pinniped-server,https://github.com/canonical/pinniped-rocks,,github-code-search,v0.30.0/rockcraft.yaml,FALSE,FALSE,
canonical,api-server,https://github.com/canonical/pipelines-rocks,,github-code-search,api-server/rockcraft.yaml,FALSE,FALSE,
canonical,cache-server,https://github.com/canonical/pipelines-rocks,,github-code-search,cache-server/rockcraft.yaml,FALSE,FALSE,
canonical,kfp-driver,https://github.com/canonical/pipelines-rocks,,github-code-search,driver/rockcraft.yaml,FALSE,FALSE,
canonical,frontend,https://github.com/canonical/pipelines-rocks,,github-code-search,frontend/rockcraft.yaml,FALSE,FALSE,
canonical,kfp-launcher,https://github.com/canonical/pipelines-rocks,,github-code-search,launcher/rockcraft.yaml,FALSE,FALSE,
canonical,metadata-writer,https://github.com/canonical/pipelines-rocks,,github-code-search,metadata-writer/rockcraft.yaml,FALSE,FALSE,
canonical,ml-metadata,https://github.com/canonical/pipelines-rocks,,github-code-search,ml-metadata/rockcraft.yaml,FALSE,FALSE,
canonical,persistenceagent,https://github.com/canonical/pipelines-rocks,,github-code-search,persistenceagent/rockcraft.yaml,FALSE,FALSE,
canonical,scheduledworkflow,https://github.com/canonical/pipelines-rocks,,github-code-search,scheduledworkflow/rockcraft.yaml,FALSE,FALSE,
canonical,viewer-crd-controller,https://github.com/canonical/pipelines-rocks,,github-code-search,viewer-crd-controller/rockcraft.yaml,FALSE,FALSE,
canonical,visualization-server,https://github.com/canonical/pipelines-rocks,,github-code-search,visualization-server/rockcraft.yaml,FALSE,FALSE,
canonical,postgres,https://github.com/canonical/postgresql-rock,,github-code-search,rockcraft.yaml,FALSE,FALSE,
canonical,products-api,https://github.com/canonical/products-api,,github-code-search,rockcraft.yaml,FALSE,FALSE,
canonical,prometheus-pushgateway,https://github.com/canonical/prometheus-pushgateway-rock,,github-code-search,1.11/rockcraft.yaml,FALSE,FALSE,
canonical,prometheus,https://github.com/canonical/prometheus-rock,,github-code-search,3.11/rockcraft.yaml,FALSE,FALSE,
canonical,prometheus,https://github.com/canonical/prometheus-rock,,github-code-search,3.14/rockcraft.yaml,FALSE,FALSE,
canonical,pyroscope,https://github.com/canonical/pyroscope-rock,,github-code-search,1.18/rockcraft.yaml,FALSE,FALSE,
canonical,pyroscope,https://github.com/canonical/pyroscope-rock,,github-code-search,2.2/rockcraft.yaml,FALSE,FALSE,
canonical,python,https://github.com/canonical/python-rock,,github-code-search,python/3.10-22.04/rockcraft.yaml,FALSE,FALSE,
canonical,python,https://github.com/canonical/python-rock,,github-code-search,python/3.11-22.04/rockcraft.yaml,FALSE,FALSE,
canonical,python,https://github.com/canonical/python-rock,,github-code-search,python/3.12-24.04/rockcraft.yaml,FALSE,FALSE,
canonical,python,https://github.com/canonical/python-rock,,github-code-search,python/3.13-25.10/rockcraft.yaml,FALSE,FALSE,
canonical,python,https://github.com/canonical/python-rock,,github-code-search,python/3.14-26.04/rockcraft.yaml,FALSE,FALSE,
canonical,python,https://github.com/canonical/python-rock,,github-code-search,python/3.8-20.04/rockcraft.yaml,FALSE,FALSE,
canonical,rabbitmq,https://github.com/canonical/rabbitmq-rock,,github-code-search,rabbitmq/3.12-24.04/rockcraft.yaml,FALSE,FALSE,
canonical,rabbitmq,https://github.com/canonical/rabbitmq-rock,,github-code-search,rabbitmq/3.9-22.04/rockcraft.yaml,FALSE,FALSE,
canonical,rabbitmq,https://github.com/canonical/rabbitmq-rock,,github-code-search,rabbitmq/4.0-26.04/rockcraft.yaml,FALSE,FALSE,
canonical,ranger,https://github.com/canonical/ranger-k8s-operator,,github-code-search,ranger_rock/rockcraft.yaml,FALSE,FALSE,
canonical,resource-dispatcher,https://github.com/canonical/resource-dispatcher-rock,,github-code-search,resource-dispatcher/rockcraft.yaml,FALSE,FALSE,
canonical,roadmap-web-rock,https://github.com/canonical/roadmap.canonical.com,,github-code-search,rockcraft.yaml,FALSE,FALSE,
canonical,multiple-architectures,https://github.com/canonical/rock-external-git-repo,,github-code-search,rockcraft.yaml,FALSE,FALSE,
canonical,multiple-architectures,https://github.com/canonical/rock-final-test,,github-code-search,rockcraft.yaml,FALSE,FALSE,
canonical,bare-python,https://github.com/canonical/rockcraft,,github-code-search,docs/how-to/code/chisel-existing-rock/bare-rock/rockcraft.yaml,FALSE,FALSE,
canonical,chiselled-python,https://github.com/canonical/rockcraft,,github-code-search,docs/how-to/code/chisel-existing-rock/chiselled-rock/rockcraft.yaml,FALSE,FALSE,
canonical,python,https://github.com/canonical/rockcraft,,github-code-search,docs/how-to/code/chisel-existing-rock/rock/rockcraft.yaml,FALSE,FALSE,
canonical,custom-nginx-rock,https://github.com/canonical/rockcraft,,github-code-search,docs/how-to/code/convert-to-pebble-layer/rockcraft.yaml,FALSE,FALSE,
canonical,custom-<package>-rock,https://github.com/canonical/rockcraft,,github-code-search,docs/how-to/code/install-slice/rockcraft.yaml,FALSE,FALSE,
canonical,internal-user,https://github.com/canonical/rockcraft,,github-code-search,docs/how-to/code/internal-user/rockcraft.yaml,FALSE,FALSE,
canonical,dotnet-runtime,https://github.com/canonical/rockcraft,,github-code-search,docs/how-to/code/migrate-to-chiselled-rock/rockcraft.yaml,FALSE,FALSE,
canonical,hello,https://github.com/canonical/rockcraft,,github-code-search,docs/reference/code/example/rockcraft.yaml,FALSE,FALSE,
canonical,hello,https://github.com/canonical/rockcraft,,github-code-search,docs/tutorial/code/hello-world/rockcraft.yaml,FALSE,FALSE,
canonical,my-node-app,https://github.com/canonical/rockcraft,,github-code-search,docs/tutorial/code/node-app/rockcraft.yaml,FALSE,FALSE,
canonical,pyfiglet,https://github.com/canonical/rockcraft,,github-code-search,docs/tutorial/code/pyfiglet/rockcraft.yaml,FALSE,FALSE,
canonical,big,https://github.com/canonical/rockcraft,,github-code-search,tests/spread/foreign/big/rockcraft.yaml,FALSE,FALSE,
canonical,repo-overlay,https://github.com/canonical/rockcraft,,github-code-search,tests/spread/manual/repo-overlay/rockcraft.yaml,FALSE,FALSE,
canonical,bare,https://github.com/canonical/rockcraft,,github-code-search,tests/spread/pro/base-upgrade/bare/rockcraft.yaml,FALSE,FALSE,
canonical,bare,https://github.com/canonical/rockcraft,,github-code-search,tests/spread/pro/base-upgrade/non_bare/rockcraft.yaml,FALSE,FALSE,
canonical,fips-pebble-test,https://github.com/canonical/rockcraft,,github-code-search,tests/spread/pro/fips-pebble/rockcraft.yaml,FALSE,FALSE,
canonical,fips-test,https://github.com/canonical/rockcraft,,github-code-search,tests/spread/pro/fips/rockcraft.yaml,FALSE,FALSE,
canonical,hello-world,https://github.com/canonical/rockcraft,,github-code-search,tests/spread/pro/packages/destructive_pro_stage_chiseled/rockcraft.yaml,FALSE,FALSE,
canonical,hello-world,https://github.com/canonical/rockcraft,,github-code-search,tests/spread/pro/packages/destructive_pro_stage_full/rockcraft.yaml,FALSE,FALSE,
canonical,hello-world,https://github.com/canonical/rockcraft,,github-code-search,tests/spread/pro/packages/managed_pro_build_full/rockcraft.yaml,FALSE,FALSE,
canonical,hello-world,https://github.com/canonical/rockcraft,,github-code-search,tests/spread/pro/packages/managed_pro_overlay_full/rockcraft.yaml,FALSE,FALSE,
canonical,hello-world,https://github.com/canonical/rockcraft,,github-code-search,tests/spread/pro/packages/managed_pro_stage_chiseled/rockcraft.yaml,FALSE,FALSE,
canonical,hello-world,https://github.com/canonical/rockcraft,,github-code-search,tests/spread/pro/packages/managed_pro_stage_full/rockcraft.yaml,FALSE,FALSE,
canonical,hello-world,https://github.com/canonical/rockcraft,,github-code-search,tests/spread/pro/packages/managed_standard_stage_full/rockcraft.yaml,FALSE,FALSE,
canonical,bare,https://github.com/canonical/rockcraft,,github-code-search,tests/spread/pro/reentrancy/rockcraft.yaml,FALSE,FALSE,
canonical,bare,https://github.com/canonical/rockcraft,,github-code-search,tests/spread/pro/validation/rockcraft.yaml,FALSE,FALSE,
canonical,base-unmaintaned,https://github.com/canonical/rockcraft,,github-code-search,tests/spread/rockcraft/base-unmantained/rockcraft.yaml,FALSE,FALSE,
canonical,chiseled-base-files,https://github.com/canonical/rockcraft,,github-code-search,tests/spread/rockcraft/chisel/rockcraft.yaml,FALSE,FALSE,
canonical,clean,https://github.com/canonical/rockcraft,,github-code-search,tests/spread/rockcraft/clean/rockcraft.yaml,FALSE,FALSE,
canonical,craft-test,https://github.com/canonical/rockcraft,,github-code-search,tests/spread/rockcraft/craft-test/rockcraft.yaml,FALSE,FALSE,
canonical,craftctl-test,https://github.com/canonical/rockcraft,,github-code-search,tests/spread/rockcraft/craftctl/rockcraft.yaml,FALSE,FALSE,
canonical,craftgit-test,https://github.com/canonical/rockcraft,,github-code-search,tests/spread/rockcraft/craftgit/rockcraft.yaml,FALSE,FALSE,
canonical,curl-consumer,https://github.com/canonical/rockcraft,,github-code-search,tests/spread/rockcraft/cross-compile/rockcraft.yaml,FALSE,FALSE,
canonical,destructive-mode,https://github.com/canonical/rockcraft,,github-code-search,tests/spread/rockcraft/destructive/rockcraft.yaml,FALSE,FALSE,
canonical,entrypoint-command-cmd-test,https://github.com/canonical/rockcraft,,github-code-search,tests/spread/rockcraft/entrypoint-command-cmd-only/rockcraft.yaml,FALSE,FALSE,
canonical,entrypoint-command-empty-test,https://github.com/canonical/rockcraft,,github-code-search,tests/spread/rockcraft/entrypoint-command-empty/rockcraft.yaml,FALSE,FALSE,
canonical,entrypoint-command-no-cmd-test,https://github.com/canonical/rockcraft,,github-code-search,tests/spread/rockcraft/entrypoint-command-no-cmd/rockcraft.yaml,FALSE,FALSE,
canonical,entrypoint-command-test,https://github.com/canonical/rockcraft,,github-code-search,tests/spread/rockcraft/entrypoint-command/rockcraft.yaml,FALSE,FALSE,
canonical,entrypoint-service-test,https://github.com/canonical/rockcraft,,github-code-search,tests/spread/rockcraft/entrypoint-service/rockcraft.yaml,FALSE,FALSE,
canonical,environment-test,https://github.com/canonical/rockcraft,,github-code-search,tests/spread/rockcraft/environment/rockcraft.yaml,FALSE,FALSE,
canonical,fetch-service,https://github.com/canonical/rockcraft,,github-code-search,tests/spread/rockcraft/fetch-service/rockcraft.yaml,FALSE,FALSE,
canonical,healthy-rock,https://github.com/canonical/rockcraft,,github-code-search,tests/spread/rockcraft/health-checks/rockcraft.yaml,FALSE,FALSE,
canonical,monorepo-test,https://github.com/canonical/rockcraft,,github-code-search,tests/spread/rockcraft/monorepo/24.04/rockcraft.yaml,FALSE,FALSE,
canonical,monorepo-test,https://github.com/canonical/rockcraft,,github-code-search,tests/spread/rockcraft/monorepo/26.04/rockcraft.yaml,FALSE,FALSE,
canonical,overlay-logs,https://github.com/canonical/rockcraft,,github-code-search,tests/spread/rockcraft/overlay-logs/rockcraft.yaml,FALSE,FALSE,
canonical,overlay-migration,https://github.com/canonical/rockcraft,,github-code-search,tests/spread/rockcraft/overlay-migration/rockcraft.yaml,FALSE,FALSE,
canonical,plugin-ant,https://github.com/canonical/rockcraft,,github-code-search,tests/spread/rockcraft/plugin-ant/rockcraft.yaml,FALSE,FALSE,
canonical,plugin-bazel,https://github.com/canonical/rockcraft,,github-code-search,tests/spread/rockcraft/plugin-bazel/rockcraft.yaml,FALSE,FALSE,
canonical,go-pebble,https://github.com/canonical/rockcraft,,github-code-search,tests/spread/rockcraft/plugin-go/rockcraft.yaml,FALSE,FALSE,
canonical,bare-build-2404,https://github.com/canonical/rockcraft,,github-code-search,tests/spread/rockcraft/plugin-jlink/bare-build-2404/rockcraft.yaml,FALSE,FALSE,
canonical,base-2404,https://github.com/canonical/rockcraft,,github-code-search,tests/spread/rockcraft/plugin-jlink/base-2404/rockcraft.yaml,FALSE,FALSE,
canonical,plugin-poetry,https://github.com/canonical/rockcraft,,github-code-search,tests/spread/rockcraft/plugin-poetry/rockcraft.yaml,FALSE,FALSE,
canonical,bare-build-2004,https://github.com/canonical/rockcraft,,github-code-search,tests/spread/rockcraft/plugin-python/bare-build-2004/rockcraft.yaml,FALSE,FALSE,
canonical,bare-build-2204,https://github.com/canonical/rockcraft,,github-code-search,tests/spread/rockcraft/plugin-python/bare-build-2204/rockcraft.yaml,FALSE,FALSE,
canonical,base-2004,https://github.com/canonical/rockcraft,,github-code-search,tests/spread/rockcraft/plugin-python/base-2004/rockcraft.yaml,FALSE,FALSE,
canonical,base-2204,https://github.com/canonical/rockcraft,,github-code-search,tests/spread/rockcraft/plugin-python/base-2204/rockcraft.yaml,FALSE,FALSE,
canonical,base-2404,https://github.com/canonical/rockcraft,,github-code-search,tests/spread/rockcraft/plugin-python/base-2404/rockcraft.yaml,FALSE,FALSE,
canonical,base-2510,https://github.com/canonical/rockcraft,,github-code-search,tests/spread/rockcraft/plugin-python/base-2510/rockcraft.yaml,FALSE,FALSE,
canonical,plugin-uv,https://github.com/canonical/rockcraft,,github-code-search,tests/spread/rockcraft/plugin-uv/rockcraft.yaml,FALSE,FALSE,
canonical,bare-build-2004,https://github.com/canonical/rockcraft,,github-code-search,tests/spread/rockcraft/prime-pebble/bare-build-2004/rockcraft.yaml,FALSE,FALSE,
canonical,bare-build-2204,https://github.com/canonical/rockcraft,,github-code-search,tests/spread/rockcraft/prime-pebble/bare-build-2204/rockcraft.yaml,FALSE,FALSE,
canonical,bare-build-2404,https://github.com/canonical/rockcraft,,github-code-search,tests/spread/rockcraft/prime-pebble/bare-build-2404/rockcraft.yaml,FALSE,FALSE,
canonical,prune-pebble,https://github.com/canonical/rockcraft,,github-code-search,tests/spread/rockcraft/prune-pebble/rockcraft.yaml,FALSE,FALSE,
canonical,prune-prime,https://github.com/canonical/rockcraft,,github-code-search,tests/spread/rockcraft/prune/rockcraft.yaml,FALSE,FALSE,
canonical,apt-repo-static-test,https://github.com/canonical/rockcraft,,github-code-search,tests/spread/rockcraft/repo-bare-base/rockcraft.yaml,FALSE,FALSE,
canonical,apt-repo-test,https://github.com/canonical/rockcraft,,github-code-search,tests/spread/rockcraft/repo-ubuntu-base/rockcraft.yaml,FALSE,FALSE,
canonical,run-user-minimal-test,https://github.com/canonical/rockcraft,,github-code-search,tests/spread/rockcraft/run-user-minimal/rockcraft.yaml,FALSE,FALSE,
canonical,run-user-test,https://github.com/canonical/rockcraft,,github-code-search,tests/spread/rockcraft/run-user/rockcraft.yaml,FALSE,FALSE,
canonical,usrmerge,https://github.com/canonical/rockcraft,,github-code-search,tests/spread/rockcraft/usrmerge-file-collision/rockcraft.yaml,FALSE,FALSE,
canonical,usrmerge,https://github.com/canonical/rockcraft,,github-code-search,tests/spread/rockcraft/usrmerge/rockcraft.yaml,FALSE,FALSE,
canonical,usrmerged-install,https://github.com/canonical/rockcraft,,github-code-search,tests/spread/rockcraft/usrmerged-install/rockcraft.yaml,FALSE,FALSE,
canonical,go-app,https://github.com/canonical/rocks-demos.go-runtime,,github-code-search,rockcraft.yaml,FALSE,FALSE,
canonical,manifest,https://github.com/canonical/rocks-security-manifest,,github-code-search,tests/base_manifest/rockcraft.yaml,FALSE,FALSE,
canonical,rocks-storefront,https://github.com/canonical/rocks-storefront,,github-code-search,rockcraft.yaml,FALSE,FALSE,
canonical,eicar-rock,https://github.com/canonical/rocks-toolbox,,github-code-search,eicar_rock/1.0/rockcraft.yaml,FALSE,FALSE,
canonical,mock-rock,https://github.com/canonical/rocks-toolbox,,github-code-search,mock_rock/1.0/rockcraft.yaml,FALSE,FALSE,
canonical,mock-rock,https://github.com/canonical/rocks-toolbox,,github-code-search,mock_rock/1.1/rockcraft.yaml,FALSE,FALSE,
canonical,mock-rock,https://github.com/canonical/rocks-toolbox,,github-code-search,mock_rock/1.2/rockcraft.yaml,FALSE,FALSE,
canonical,mock-rock,https://github.com/canonical/rocks-toolbox,,github-code-search,mock_rock/devel/rockcraft.yaml,FALSE,FALSE,
canonical,rockcraft,https://github.com/canonical/rocks-toolbox,,github-code-search,rockcraft_rock/rockcraft.yaml,FALSE,FALSE,
canonical,ros2bag-fileserver,https://github.com/canonical/ros2bag-fileserver,,github-code-search,rockcraft.yaml,FALSE,FALSE,
canonical,ruby,https://github.com/canonical/ruby-rock,,github-code-search,ruby/3.2-24.04/rockcraft.yaml,FALSE,FALSE,
canonical,ruby,https://github.com/canonical/ruby-rock,,github-code-search,ruby/3.3-25.04/rockcraft.yaml,FALSE,FALSE,
canonical,ruby,https://github.com/canonical/ruby-rock,,github-code-search,ruby/3.3-26.04/rockcraft.yaml,FALSE,FALSE,
canonical,rust,https://github.com/canonical/rust-rock,,github-code-search,rust/1.75-24.04/rockcraft.yaml,FALSE,FALSE,
canonical,rust,https://github.com/canonical/rust-rock,,github-code-search,rust/1.84-25.04/rockcraft.yaml,FALSE,FALSE,
canonical,rust,https://github.com/canonical/rust-rock,,github-code-search,rust/1.85-24.04/rockcraft.yaml,FALSE,FALSE,
canonical,rust,https://github.com/canonical/rust-rock,,github-code-search,rust/1.85-25.10/rockcraft.yaml,FALSE,FALSE,
canonical,rust,https://github.com/canonical/rust-rock,,github-code-search,rust/1.88-25.10/rockcraft.yaml,FALSE,FALSE,
canonical,rust,https://github.com/canonical/rust-rock,,github-code-search,rust/1.93-26.04/rockcraft.yaml,FALSE,FALSE,
canonical,s3proxy,https://github.com/canonical/s3proxy-rock,,github-code-search,rockcraft.yaml,FALSE,FALSE,
canonical,script-exporter,https://github.com/canonical/script-exporter-rock,,github-code-search,2.15.1/rockcraft.yaml,FALSE,FALSE,
canonical,seaweedfs,https://github.com/canonical/seaweedfs-rock,,github-code-search,rockcraft.yaml,FALSE,FALSE,
canonical,istio-install-cni,https://github.com/canonical/service-mesh,,github-code-search,rocks/istio-install-cni-rock/1.28.6/rockcraft.yaml,FALSE,FALSE,
canonical,istio-install-cni,https://github.com/canonical/service-mesh,,github-code-search,rocks/istio-install-cni-rock/1.29.0/rockcraft.yaml,FALSE,FALSE,
canonical,istio-install-cni,https://github.com/canonical/service-mesh,,github-code-search,rocks/istio-install-cni-rock/1.30.3/rockcraft.yaml,FALSE,FALSE,
canonical,istio-pilot,https://github.com/canonical/service-mesh,,github-code-search,rocks/istio-pilot-rock/1.28.6/rockcraft.yaml,FALSE,FALSE,
canonical,istio-pilot,https://github.com/canonical/service-mesh,,github-code-search,rocks/istio-pilot-rock/1.29.0/rockcraft.yaml,FALSE,FALSE,
canonical,istio-pilot,https://github.com/canonical/service-mesh,,github-code-search,rocks/istio-pilot-rock/1.30.3/rockcraft.yaml,FALSE,FALSE,
canonical,istio-ztunnel,https://github.com/canonical/service-mesh,,github-code-search,rocks/istio-ztunnel-rock/1.29.0/rockcraft.yaml,FALSE,FALSE,
canonical,istio-ztunnel,https://github.com/canonical/service-mesh,,github-code-search,rocks/istio-ztunnel-rock/1.30.3/rockcraft.yaml,FALSE,FALSE,
canonical,kiali,https://github.com/canonical/service-mesh,,github-code-search,rocks/kiali-rock/2.3/rockcraft.yaml,FALSE,FALSE,
canonical,setcap,https://github.com/canonical/setcap-rock,,github-code-search,setcap/2.44-22.04/rockcraft.yaml,FALSE,FALSE,
canonical,sloth,https://github.com/canonical/sloth-rock,,github-code-search,0.15/rockcraft.yaml,FALSE,FALSE,
canonical,login,https://github.com/canonical/slurm-rocks,,github-code-search,rocks/login/rockcraft.yaml,FALSE,FALSE,
canonical,sackd,https://github.com/canonical/slurm-rocks,,github-code-search,rocks/sackd/rockcraft.yaml,FALSE,FALSE,
canonical,slurmctld,https://github.com/canonical/slurm-rocks,,github-code-search,rocks/slurmctld/rockcraft.yaml,FALSE,FALSE,
canonical,slurmd,https://github.com/canonical/slurm-rocks,,github-code-search,rocks/slurmd/rockcraft.yaml,FALSE,FALSE,
canonical,slurmdbd,https://github.com/canonical/slurm-rocks,,github-code-search,rocks/slurmdbd/rockcraft.yaml,FALSE,FALSE,
canonical,slurmrestd,https://github.com/canonical/slurm-rocks,,github-code-search,rocks/slurmrestd/rockcraft.yaml,FALSE,FALSE,
canonical,snaprecommend,https://github.com/canonical/snap-recommendation-service,,github-code-search,rockcraft.yaml,FALSE,FALSE,
canonical,snapcraft-io,https://github.com/canonical/snapcraft.io,,github-code-search,rockcraft.yaml,FALSE,FALSE,
canonical,docker-database,https://github.com/canonical/sonic-buildimage-archive,,github-code-search,dockers/docker-database/rockcraft.yaml,FALSE,FALSE,
canonical,docker-dhcp-relay,https://github.com/canonical/sonic-buildimage-archive,,github-code-search,dockers/docker-dhcp-relay/rockcraft.yaml,FALSE,FALSE,
canonical,docker-eventd,https://github.com/canonical/sonic-buildimage-archive,,github-code-search,dockers/docker-eventd/rockcraft.yaml,FALSE,FALSE,
canonical,docker-fpm-frr,https://github.com/canonical/sonic-buildimage-archive,,github-code-search,dockers/docker-fpm-frr/rockcraft.yaml,FALSE,FALSE,
canonical,docker-iccpd,https://github.com/canonical/sonic-buildimage-archive,,github-code-search,dockers/docker-iccpd/rockcraft.yaml,FALSE,FALSE,
canonical,docker-lldp,https://github.com/canonical/sonic-buildimage-archive,,github-code-search,dockers/docker-lldp/rockcraft.yaml,FALSE,FALSE,
canonical,docker-macsec,https://github.com/canonical/sonic-buildimage-archive,,github-code-search,dockers/docker-macsec/rockcraft.yaml,FALSE,FALSE,
canonical,docker-mux,https://github.com/canonical/sonic-buildimage-archive,,github-code-search,dockers/docker-mux/rockcraft.yaml,FALSE,FALSE,
canonical,docker-nat,https://github.com/canonical/sonic-buildimage-archive,,github-code-search,dockers/docker-nat/rockcraft.yaml,FALSE,FALSE,
canonical,docker-orchagent,https://github.com/canonical/sonic-buildimage-archive,,github-code-search,dockers/docker-orchagent/rockcraft.yaml,FALSE,FALSE,
canonical,docker-platform-monitor,https://github.com/canonical/sonic-buildimage-archive,,github-code-search,dockers/docker-platform-monitor/rockcraft.yaml,FALSE,FALSE,
canonical,docker-router-advertiser,https://github.com/canonical/sonic-buildimage-archive,,github-code-search,dockers/docker-router-advertiser/rockcraft.yaml,FALSE,FALSE,
canonical,docker-sflow,https://github.com/canonical/sonic-buildimage-archive,,github-code-search,dockers/docker-sflow/rockcraft.yaml,FALSE,FALSE,
canonical,docker-snmp,https://github.com/canonical/sonic-buildimage-archive,,github-code-search,dockers/docker-snmp/rockcraft.yaml,FALSE,FALSE,
canonical,docker-sonic-gnmi,https://github.com/canonical/sonic-buildimage-archive,,github-code-search,dockers/docker-sonic-gnmi/rockcraft.yaml,FALSE,FALSE,
canonical,docker-sonic-mgmt-framework,https://github.com/canonical/sonic-buildimage-archive,,github-code-search,dockers/docker-sonic-mgmt-framework/rockcraft.yaml,FALSE,FALSE,
canonical,docker-teamd,https://github.com/canonical/sonic-buildimage-archive,,github-code-search,dockers/docker-teamd/rockcraft.yaml,FALSE,FALSE,
canonical,docker-syncd-brcm,https://github.com/canonical/sonic-buildimage-archive,,github-code-search,platform/broadcom/docker-syncd-brcm/rockcraft.yaml,FALSE,FALSE,
canonical,docker-gbsyncd-vs,https://github.com/canonical/sonic-buildimage-archive,,github-code-search,platform/vs/docker-gbsyncd-vs/rockcraft.yaml,FALSE,FALSE,
canonical,docker-syncd-vs,https://github.com/canonical/sonic-buildimage-archive,,github-code-search,platform/vs/docker-syncd-vs/rockcraft.yaml,FALSE,FALSE,
canonical,spark-integration-hub,https://github.com/canonical/spark-integration-hub-rock,,github-code-search,rockcraft.yaml,FALSE,FALSE,
canonical,canonical-specs-v2,https://github.com/canonical/specs.canonical.com,,github-code-search,rockcraft.yaml,FALSE,FALSE,
canonical,squid,https://github.com/canonical/squid-rock,,github-code-search,squid/7.2-26.04/rockcraft.yaml,FALSE,FALSE,
canonical,sriov-net-device-plugin,https://github.com/canonical/sriov-dpdk-rocks,,github-code-search,3.6.2/rockcraft.yaml,FALSE,FALSE,
canonical,static,https://github.com/canonical/static-rock,,github-code-search,rockcraft.yaml,FALSE,FALSE,
canonical,superset,https://github.com/canonical/superset-k8s-operator,,github-code-search,superset_rock/rockcraft.yaml,FALSE,FALSE,
canonical,synapse,https://github.com/canonical/synapse-operator,,github-code-search,synapse_rock/rockcraft.yaml,FALSE,FALSE,
canonical,tempo,https://github.com/canonical/tempo-rock,,github-code-search,2.10/rockcraft.yaml,FALSE,FALSE,
canonical,temporal-server,https://github.com/canonical/temporal-rocks,,github-code-search,temporal-server/1.23.1/rockcraft.yaml,FALSE,FALSE,
canonical,temporal-server,https://github.com/canonical/temporal-rocks,,github-code-search,temporal-server/1.31.1/rockcraft.yaml,FALSE,FALSE,
canonical,temporal-ui,https://github.com/canonical/temporal-rocks,,github-code-search,temporal-ui/2.39.0/rockcraft.yaml,FALSE,FALSE,
canonical,temporal-ui,https://github.com/canonical/temporal-rocks,,github-code-search,temporal-ui/2.52.1/rockcraft.yaml,FALSE,FALSE,
canonical,temporal-worker,https://github.com/canonical/temporal-worker-k8s-operator,,github-code-search,resource_sample_py/rockcraft.yaml,FALSE,FALSE,
canonical,temporal-worker-test,https://github.com/canonical/temporal-worker-k8s-operator,,github-code-search,terraform/test/rockcraft.yaml,FALSE,FALSE,
canonical,tenant-service,https://github.com/canonical/tenant-service,,github-code-search,rockcraft.yaml,FALSE,FALSE,
canonical,tensorflow,https://github.com/canonical/tensorflow-rock,,github-code-search,rockcraft.yaml,FALSE,FALSE,
canonical,mariadb,https://github.com/canonical/test-container-images,,github-code-search,mariadb/rockcraft.yaml,FALSE,FALSE,
canonical,tmate-ssh-server,https://github.com/canonical/tmate-ssh-server-operator,,github-code-search,tmate-ssh-server_rock/rockcraft.yaml,FALSE,FALSE,
canonical,traefik,https://github.com/canonical/traefik-rock,,github-code-search,2.10.4/rockcraft.yaml,FALSE,FALSE,
canonical,traefik,https://github.com/canonical/traefik-rock,,github-code-search,2.10.5/rockcraft.yaml,FALSE,FALSE,
canonical,traefik,https://github.com/canonical/traefik-rock,,github-code-search,2.10.6/rockcraft.yaml,FALSE,FALSE,
canonical,traefik,https://github.com/canonical/traefik-rock,,github-code-search,2.10.7/rockcraft.yaml,FALSE,FALSE,
canonical,traefik,https://github.com/canonical/traefik-rock,,github-code-search,2.11.0/rockcraft.yaml,FALSE,FALSE,
canonical,traefik,https://github.com/canonical/traefik-rock,,github-code-search,2.11.3/rockcraft.yaml,FALSE,FALSE,
canonical,traefik,https://github.com/canonical/traefik-rock,,github-code-search,2.11.46/rockcraft.yaml,FALSE,FALSE,
canonical,traefik,https://github.com/canonical/traefik-rock,,github-code-search,2.11.49/rockcraft.yaml,FALSE,FALSE,
canonical,traefik,https://github.com/canonical/traefik-rock,,github-code-search,2.11.54/rockcraft.yaml,FALSE,FALSE,
canonical,traefik,https://github.com/canonical/traefik-rock,,github-code-search,3.0.0/rockcraft.yaml,FALSE,FALSE,
canonical,mpi-operator,https://github.com/canonical/training-operator-rock,,github-code-search,mpi-operator/rockcraft.yaml,FALSE,FALSE,
canonical,training-operator,https://github.com/canonical/training-operator-rock,,github-code-search,training-operator/rockcraft.yaml,FALSE,FALSE,
canonical,trino,https://github.com/canonical/trino-k8s-operator,,github-code-search,trino_rock/rockcraft.yaml,FALSE,FALSE,
canonical,ubuntu-com-security-api,https://github.com/canonical/ubuntu-com-security-api,,github-code-search,rockcraft.yaml,FALSE,FALSE,
canonical,ubuntu-insights-server,https://github.com/canonical/ubuntu-insights-k8s-operator,,github-code-search,insights_rock/rockcraft.yaml,FALSE,FALSE,
canonical,ubuntu-manpages,https://github.com/canonical/ubuntu-manpages-operator,,github-code-search,rockcraft.yaml,FALSE,FALSE,
canonical,motd-server-app,https://github.com/canonical/ubuntu-motd-server-operator,,github-code-search,motd-server-app/rockcraft.yaml,FALSE,FALSE,
canonical,ubuntu-com,https://github.com/canonical/ubuntu.com,,github-code-search,rockcraft.yaml,FALSE,FALSE,
canonical,user-verification-service,https://github.com/canonical/user-verification-service,,github-code-search,rockcraft.yaml,FALSE,FALSE,
canonical,valkey-charmed,https://github.com/canonical/valkey-artifacts,,github-code-search,valkey/rocks/charmed/rockcraft.yaml,FALSE,FALSE,
canonical,valkey-chiseled,https://github.com/canonical/valkey-artifacts,,github-code-search,valkey/rocks/chiseled/rockcraft.yaml,FALSE,FALSE,
canonical,valkey,https://github.com/canonical/valkey-artifacts,,github-code-search,valkey/rocks/standard/rockcraft.yaml,FALSE,FALSE,
canonical,valkey,https://github.com/canonical/valkey-rock,,github-code-search,rockcraft.yaml,FALSE,FALSE,
canonical,vanillaframework-io,https://github.com/canonical/vanilla-framework,,github-code-search,rockcraft.yaml,FALSE,FALSE,
canonical,vault,https://github.com/canonical/vault-rock,,github-code-search,rockcraft.yaml,FALSE,FALSE,
canonical,kubectl,https://github.com/canonical/velero-rocks,,github-code-search,kubectl/rockcraft.yaml,FALSE,FALSE,
canonical,velero-plugin-for-vsphere,https://github.com/canonical/velero-rocks,,github-code-search,plugins/vsphere/rockcraft.yaml,FALSE,FALSE,
canonical,velero,https://github.com/canonical/velero-rocks,,github-code-search,velero/1.12.1/rockcraft.yaml,FALSE,FALSE,
canonical,velero,https://github.com/canonical/velero-rocks,,github-code-search,velero/1.13.2/rockcraft.yaml,FALSE,FALSE,
canonical,velero,https://github.com/canonical/velero-rocks,,github-code-search,velero/1.9.5/rockcraft.yaml,FALSE,FALSE,
canonical,verdaccio,https://github.com/canonical/verdaccio-k8s-operator,,github-code-search,rockcraft.yaml,FALSE,FALSE,
canonical,vsphere-csi-driver,https://github.com/canonical/vsphere-csi-rocks,,github-code-search,v3.3.1_71b9ba1e/rockcraft.yaml,FALSE,FALSE,
canonical,watchtower,https://github.com/canonical/watchtower,,github-code-search,rockcraft.yaml,FALSE,FALSE,
canonical,wazuh-server,https://github.com/canonical/wazuh-server-operator,,github-code-search,rock/rockcraft.yaml,FALSE,FALSE,
canonical,flask-hello-world,https://github.com/canonical/webteam-juju-demos-testing,,github-code-search,rockcraft.yaml,FALSE,FALSE,
canonical,webbot,https://github.com/canonical/webteam-webbot,,github-code-search,rockcraft.yaml,FALSE,FALSE,
canonical,whereabouts,https://github.com/canonical/whereabouts-rock,,github-code-search,0.5.4/rockcraft.yaml,FALSE,FALSE,
canonical,whereabouts,https://github.com/canonical/whereabouts-rock,,github-code-search,0.6.1/rockcraft.yaml,FALSE,FALSE,
canonical,whereabouts,https://github.com/canonical/whereabouts-rock,,github-code-search,0.6.3/rockcraft.yaml,FALSE,FALSE,
canonical,wordpress,https://github.com/canonical/wordpress-k8s-operator,,github-code-search,wordpress_rock/rockcraft.yaml,FALSE,FALSE,
canonical,temporal-worker-go,https://github.com/canonical/workflows-team-workshops,,github-code-search,temporal/temporal_101/worker_go/rockcraft.yaml,FALSE,FALSE,
canonical,temporal-worker-python,https://github.com/canonical/workflows-team-workshops,,github-code-search,temporal/temporal_101/worker_python/rockcraft.yaml,FALSE,FALSE,
canonical,xk6,https://github.com/canonical/xk6-rock,,github-code-search,1.7/rockcraft.yaml,FALSE,FALSE,
canonical,xk6,https://github.com/canonical/xk6-rock,,github-code-search,2.0/rockcraft.yaml,FALSE,FALSE,
canonical,zookeeper,https://github.com/canonical/zookeeper-rock,,github-code-search,rockcraft.yaml,FALSE,FALSE,
cbartz,flask-rabbitmq,https://github.com/cbartz/flask-rabbitmq,,github-code-search,rockcraft.yaml,FALSE,FALSE,
claudiubelu,{{cookiecutter.rock_version}},https://github.com/claudiubelu/cookiecutter-rocks,,github-code-search,rock_template/{{cookiecutter.rock_name}}/{{cookiecutter.rock_version}}/rockcraft.yaml,FALSE,FALSE,
dariuszd21,forgejo,https://github.com/dariuszd21/forgejo-rock,,github-code-search,rockcraft.yaml,FALSE,FALSE,
dimaqq,gubernator,https://github.com/dimaqq/hexanator,,github-code-search,rockcraft.yaml,FALSE,FALSE,
ellanetworks,ella-core,https://github.com/ellanetworks/core,,github-code-search,rockcraft.yaml,FALSE,FALSE,
ellanetworks,ella-core-tester,https://github.com/ellanetworks/core-tester,,github-code-search,rockcraft.yaml,FALSE,FALSE,
ellanetworks,sdcore-gnbsim,https://github.com/ellanetworks/test-rocks,,github-code-search,sdcore-gnbsim/rockcraft.yaml,FALSE,FALSE,
ellanetworks,ubuntu-router,https://github.com/ellanetworks/test-rocks,,github-code-search,ubuntu-router/rockcraft.yaml,FALSE,FALSE,
ellanetworks,ueransim,https://github.com/ellanetworks/test-rocks,,github-code-search,ueransim/rockcraft.yaml,FALSE,FALSE,
emre-aydin,k9s,https://github.com/emre-aydin/k9s-charm,,github-code-search,rock/rockcraft.yaml,FALSE,FALSE,
gruyaume,myapp,https://github.com/gruyaume/myapp,,github-code-search,rockcraft.yaml,FALSE,FALSE,
hartmutobendorf,hello-world,https://github.com/hartmutobendorf/test-rock-docker,,github-code-search,12-f-go/rockcraft.yaml,FALSE,FALSE,
hartmutobendorf,my-node-app,https://github.com/hartmutobendorf/test-rock-docker,,github-code-search,12-f-node/rockcraft.yaml,FALSE,FALSE,
henrymao-zz,docker-database,https://github.com/henrymao-zz/nos,,github-code-search,dockers/docker-database/rockcraft.yaml,FALSE,FALSE,
henrymao-zz,docker-dhcp-relay,https://github.com/henrymao-zz/nos,,github-code-search,dockers/docker-dhcp-relay/rockcraft.yaml,FALSE,FALSE,
henrymao-zz,docker-eventd,https://github.com/henrymao-zz/nos,,github-code-search,dockers/docker-eventd/rockcraft.yaml,FALSE,FALSE,
henrymao-zz,docker-fpm-frr,https://github.com/henrymao-zz/nos,,github-code-search,dockers/docker-fpm-frr/rockcraft.yaml,FALSE,FALSE,
henrymao-zz,docker-lldp,https://github.com/henrymao-zz/nos,,github-code-search,dockers/docker-lldp/rockcraft.yaml,FALSE,FALSE,
henrymao-zz,docker-macsec,https://github.com/henrymao-zz/nos,,github-code-search,dockers/docker-macsec/rockcraft.yaml,FALSE,FALSE,
henrymao-zz,docker-mux,https://github.com/henrymao-zz/nos,,github-code-search,dockers/docker-mux/rockcraft.yaml,FALSE,FALSE,
henrymao-zz,docker-nat,https://github.com/henrymao-zz/nos,,github-code-search,dockers/docker-nat/rockcraft.yaml,FALSE,FALSE,
henrymao-zz,docker-orchagent,https://github.com/henrymao-zz/nos,,github-code-search,dockers/docker-orchagent/rockcraft.yaml,FALSE,FALSE,
henrymao-zz,docker-platform-monitor,https://github.com/henrymao-zz/nos,,github-code-search,dockers/docker-platform-monitor/rockcraft.yaml,FALSE,FALSE,
henrymao-zz,docker-router-advertiser,https://github.com/henrymao-zz/nos,,github-code-search,dockers/docker-router-advertiser/rockcraft.yaml,FALSE,FALSE,
henrymao-zz,docker-sflow,https://github.com/henrymao-zz/nos,,github-code-search,dockers/docker-sflow/rockcraft.yaml,FALSE,FALSE,
henrymao-zz,docker-snmp,https://github.com/henrymao-zz/nos,,github-code-search,dockers/docker-snmp/rockcraft.yaml,FALSE,FALSE,
henrymao-zz,docker-sonic-gnmi,https://github.com/henrymao-zz/nos,,github-code-search,dockers/docker-sonic-gnmi/rockcraft.yaml,FALSE,FALSE,
henrymao-zz,docker-sonic-mgmt-framework,https://github.com/henrymao-zz/nos,,github-code-search,dockers/docker-sonic-mgmt-framework/rockcraft.yaml,FALSE,FALSE,
henrymao-zz,docker-teamd,https://github.com/henrymao-zz/nos,,github-code-search,dockers/docker-teamd/rockcraft.yaml,FALSE,FALSE,
henrymao-zz,docker-syncd-brcm,https://github.com/henrymao-zz/nos,,github-code-search,platform/broadcom/docker-syncd-brcm/rockcraft.yaml,FALSE,FALSE,
henrymao-zz,docker-gbsyncd-vs,https://github.com/henrymao-zz/nos,,github-code-search,platform/vs/docker-gbsyncd-vs/rockcraft.yaml,FALSE,FALSE,
henrymao-zz,docker-syncd-vs,https://github.com/henrymao-zz/nos,,github-code-search,platform/vs/docker-syncd-vs/rockcraft.yaml,FALSE,FALSE,
homegrew,rockcraft,https://github.com/homegrew/homegrew-taps,,github-code-search,core/r/rockcraft.yaml,FALSE,FALSE,
im0vishal,ipp-usb,https://github.com/im0vishal/ipp-usb-rock,,github-code-search,rockcraft.yaml,FALSE,FALSE,
jaredledvina,dnsutils-chiseled,https://github.com/jaredledvina/chisel-trivy-comparision,,github-code-search,rockcraft-bare/rockcraft.yaml,FALSE,FALSE,
jaredledvina,dnsutils-chiseled-dpkg,https://github.com/jaredledvina/chisel-trivy-comparision,,github-code-search,rockcraft-dpkg/rockcraft.yaml,FALSE,FALSE,
javacruft,glance,https://github.com/javacruft/rock-glance,,github-code-search,rockcraft.yaml,FALSE,FALSE,
javierdelapuente,flask-custom-metrics,https://github.com/javierdelapuente/12-factor-examples,,github-code-search,flask-custom-metrics/rockcraft.yaml,FALSE,FALSE,
javierdelapuente,indico,https://github.com/javierdelapuente/javi-indico-operator,,github-code-search,indico_rock/rockcraft.yaml,FALSE,FALSE,
javierdelapuente,indico-nginx,https://github.com/javierdelapuente/javi-indico-operator,,github-code-search,nginx_rock/rockcraft.yaml,FALSE,FALSE,
javierdelapuente,k8s-rock,https://github.com/javierdelapuente/operator-ci-poc,,github-code-search,examples/k8s-rock/rockcraft.yaml,FALSE,FALSE,
javierdelapuente,my-rock-name,https://github.com/javierdelapuente/rockcraft-dotnet-poc,,github-code-search,Example/rockcraft.yaml,FALSE,FALSE,
javierdelapuente,my-rock-name,https://github.com/javierdelapuente/rockcraft-dotnet-poc,,github-code-search,initial_tests/Project_bare/rockcraft.yaml,FALSE,FALSE,
javierdelapuente,my-rock-name,https://github.com/javierdelapuente/rockcraft-dotnet-poc,,github-code-search,initial_tests/Project_package/rockcraft.yaml,FALSE,FALSE,
javierdelapuente,my-rock-name,https://github.com/javierdelapuente/rockcraft-dotnet-poc,,github-code-search,initial_tests/Project_snap/rockcraft.yaml,FALSE,FALSE,
javierdelapuente,my-rock-name,https://github.com/javierdelapuente/rockcraft-dotnet-poc,,github-code-search,initial_tests/Solution_package/rockcraft.yaml,FALSE,FALSE,
javierdelapuente,testgo,https://github.com/javierdelapuente/test-go-12-factor,,github-code-search,rockcraft.yaml,FALSE,FALSE,
javierdelapuente,testgoreact,https://github.com/javierdelapuente/test-go-12-factor,,github-code-search,web/rockcraft.yaml,FALSE,FALSE,
jdkandersson,test-github-monitor,https://github.com/jdkandersson/test-github-monitor,,github-code-search,rockcraft.yaml,FALSE,FALSE,
jnsgruk,jnsgruk,https://github.com/jnsgruk/jnsgr.uk,,github-code-search,rockcraft.yaml,FALSE,FALSE,
jnsgruk,upki-mirror,https://github.com/jnsgruk/upki-mirror-k8s-operator,,github-code-search,rockcraft.yaml,FALSE,FALSE,
jnsgruk,zinc,https://github.com/jnsgruk/zinc-k8s-operator,,github-code-search,rockcraft.yaml,FALSE,FALSE,
josecabralf,etl-queuer,https://github.com/josecabralf/TemporalETL,,github-code-search,queuer/rockcraft.yaml,FALSE,FALSE,
josecabralf,etl-worker,https://github.com/josecabralf/TemporalETL,,github-code-search,worker/rockcraft.yaml,FALSE,FALSE,
jsimpso,tsilo,https://github.com/jsimpso/tsilo,,github-code-search,rockcraft.yaml,FALSE,FALSE,
lczyk,etcd,https://github.com/lczyk/etcd-rock-demo,,github-code-search,rockcraft.yaml,FALSE,FALSE,
lczyk,fluentd,https://github.com/lczyk/fluentd-rock,,github-code-search,fluentd/1.19.1-24.04/rockcraft.yaml,FALSE,FALSE,
lczyk,uutils,https://github.com/lczyk/uutils-rock,,github-code-search,rockcraft.yaml,FALSE,FALSE,
lengau,charmcraft-core22,https://github.com/lengau/charmcraft-rocks,,github-code-search,rockcraft.yaml,FALSE,FALSE,
madcow4242,gaia-desktop,https://github.com/madcow4242/gaia-snap,,github-code-search,rockcraft.yaml,FALSE,FALSE,
marcusboden,alertmanager-receiver,https://github.com/marcusboden/alert-history-operator,,github-code-search,rock/rockcraft.yaml,FALSE,FALSE,
mdimado,ipp-usb,https://github.com/mdimado/ipp-usb-fuzzing,,github-code-search,rock/rockcraft.yaml,FALSE,FALSE,
merkata,hello,https://github.com/merkata/test-repo0,,github-code-search,another_rock/rockcraft.yaml,FALSE,FALSE,
merkata,hello,https://github.com/merkata/test-repo0,,github-code-search,rockcraft.yaml,FALSE,FALSE,
merkata,hello,https://github.com/merkata/test-repo1,,github-code-search,another_rock/rockcraft.yaml,FALSE,FALSE,
merkata,hello,https://github.com/merkata/test-repo1,,github-code-search,rockcraft.yaml,FALSE,FALSE,
merkata,hello,https://github.com/merkata/test-repo1,,github-code-search,third_rock/rockcraft.yaml,FALSE,FALSE,
nathanclairmonte,example-temporal-worker,https://github.com/nathanclairmonte/example-temporal-worker,,github-code-search,rockcraft.yaml,FALSE,FALSE,
ngkore,oai-cu-72x,https://github.com/ngkore/Charmed-RAN,,github-code-search,cu/build/rockcraft.yaml,FALSE,FALSE,
ngkore,oai-du-72x,https://github.com/ngkore/Charmed-RAN,,github-code-search,du/build/rockcraft.yaml,FALSE,FALSE,
omarelkashef,microcloud-cluster-manager,https://github.com/omarelkashef/microcloud-cluster-manager-OLD,,github-code-search,rockcraft.yaml,FALSE,FALSE,
openstack-charmers,ldap-test-fixture,https://github.com/openstack-charmers/charm-ldap-test-fixture-k8s,,github-code-search,rock/rockcraft.yaml,FALSE,FALSE,
pushkarnk,spring-petclinic-checkpointer,https://github.com/pushkarnk/openjdk-crac-rocks-demo,,github-code-search,checkpoint/rockcraft.yaml,FALSE,FALSE,
pushkarnk,spring-petclinic-restorer,https://github.com/pushkarnk/openjdk-crac-rocks-demo,,github-code-search,restore/rockcraft.yaml,FALSE,FALSE,
raineszm,magic-wormhole-mailbox-server,https://github.com/raineszm/raineszm-magic-wormhole-rocks,,github-code-search,mailbox-server/rockcraft.yaml,FALSE,FALSE,
raineszm,magic-wormhole-transit-relay,https://github.com/raineszm/raineszm-magic-wormhole-rocks,,github-code-search,transit-relay/rockcraft.yaml,FALSE,FALSE,
ribeiroednilson1234,workflows,https://github.com/ribeiroednilson1234/campanha,,github-code-search,.github/workflows/rockcraft.yaml,FALSE,FALSE,
ribeiroednilson1234,campanha,https://github.com/ribeiroednilson1234/campanha,,github-code-search,rockcraft.yaml,FALSE,FALSE,
rockcrafters,apache2,https://github.com/rockcrafters/apache2-rock,,github-code-search,rocks/apache2/2.4/rockcraft.yaml,FALSE,FALSE,
rockcrafters,aws-cli,https://github.com/rockcrafters/aws-cli,,github-code-search,rocks/aws-cli/latest/rockcraft.yaml,FALSE,FALSE,
rockcrafters,bonsai,https://github.com/rockcrafters/bonsai-rock,,github-code-search,bonsai/1.7B/rockcraft.yaml,FALSE,FALSE,
rockcrafters,busybox,https://github.com/rockcrafters/busybox-rock,,github-code-search,rockcraft.yaml,FALSE,FALSE,
rockcrafters,influxdb,https://github.com/rockcrafters/chiselled-influxdb,,github-code-search,v1.6.7/rockcraft.yaml,FALSE,FALSE,
rockcrafters,influxdb,https://github.com/rockcrafters/chiselled-influxdb,,github-code-search,v3.0/rockcraft.yaml,FALSE,FALSE,
rockcrafters,cowrie,https://github.com/rockcrafters/cowrie-rock,,github-code-search,cowrie/rockcraft.yaml,FALSE,FALSE,
rockcrafters,curl-rock,https://github.com/rockcrafters/curl-rock,,github-code-search,8.5.0/rockcraft.yaml,FALSE,FALSE,
rockcrafters,git,https://github.com/rockcrafters/git-rock,,github-code-search,git/rockcraft.yaml,FALSE,FALSE,
rockcrafters,haproxy,https://github.com/rockcrafters/haproxy-rock,,github-code-search,haproxy/rockcraft.yaml,FALSE,FALSE,
rockcrafters,custom-rockcraft,https://github.com/rockcrafters/java-rockcraft-plugins,,github-code-search,examples/maven/custom-rockcraft/rockcraft.yaml,FALSE,FALSE,
rockcrafters,kubectl,https://github.com/rockcrafters/kubectl-rock,,github-code-search,rocks/kubectl/1.33.0/rockcraft.yaml,FALSE,FALSE,
rockcrafters,open-webui,https://github.com/rockcrafters/open-webui-rock,,github-code-search,open-webui/0.9-24.04/rockcraft.yaml,FALSE,FALSE,
rockcrafters,spring-petclinic-basic,https://github.com/rockcrafters/openjdk-rocks,,github-code-search,demos/rockcraft/basic/rockcraft.yaml,FALSE,FALSE,
rockcrafters,spring-petclinic-jlink-plugin,https://github.com/rockcrafters/openjdk-rocks,,github-code-search,demos/rockcraft/jlink-plugin/rockcraft.yaml,FALSE,FALSE,
rockcrafters,spring-petclinic-jlink,https://github.com/rockcrafters/openjdk-rocks,,github-code-search,demos/rockcraft/jlink/rockcraft.yaml,FALSE,FALSE,
rockcrafters,spring-petclinic-maven-plugin,https://github.com/rockcrafters/openjdk-rocks,,github-code-search,demos/rockcraft/maven-plugin/rockcraft.yaml,FALSE,FALSE,
rockcrafters,spring-petclinic-extension,https://github.com/rockcrafters/openjdk-rocks,,github-code-search,demos/rockcraft/spring-framework-extension/rockcraft.yaml,FALSE,FALSE,
rockcrafters,pytest-baseless,https://github.com/rockcrafters/pytest-rock,,github-code-search,24.04-baseless/rockcraft.yaml,FALSE,FALSE,
rockcrafters,telegraf-rock,https://github.com/rockcrafters/telegraf-rock,,github-code-search,rocks/telegraf/1.34/rockcraft.yaml,FALSE,FALSE,
rockcrafters,xsstrike,https://github.com/rockcrafters/xsstrike-rock,,github-code-search,xsstrike/rockcraft.yaml,FALSE,FALSE,
rudra-iitm,cups,https://github.com/rudra-iitm/cups-rock,,github-code-search,rockcraft.yaml,FALSE,FALSE,
rudra-iitm,ps-printer-app,https://github.com/rudra-iitm/cups-rock-playground,,github-code-search,rockcraft.yaml,FALSE,FALSE,
rudra-iitm,ghostscript-printer-app,https://github.com/rudra-iitm/ghostscript-printer-app-rock,,github-code-search,rockcraft.yaml,FALSE,FALSE,
rudra-iitm,gutenprint-printer-app,https://github.com/rudra-iitm/gutenprint-printer-app-rock,,github-code-search,rockcraft.yaml,FALSE,FALSE,
rudra-iitm,hplip-printer-app,https://github.com/rudra-iitm/hplip-printer-app-rock,,github-code-search,rockcraft.yaml,FALSE,FALSE,
rudra-iitm,ps-printer-app,https://github.com/rudra-iitm/ps-printer-app-rock,,github-code-search,rock/rockcraft.yaml,FALSE,FALSE,
rudra-iitm,cups-rock-dev,https://github.com/rudra-iitm/rockcraft-test,,github-code-search,rockcraft.yaml,FALSE,FALSE,
rudra-iitm,cups,https://github.com/rudra-iitm/rockcraft_prac,,github-code-search,rockcraft.yaml,FALSE,FALSE,
rudra-iitm,singhrudra-com,https://github.com/rudra-iitm/singhrudra.com,,github-code-search,packaging/rockcraft.yaml,FALSE,FALSE,
shanepelletier,shanepelletier-test-rock-hello,https://github.com/shanepelletier/test,,github-code-search,rockcraft.yaml,FALSE,FALSE,
shipperizer,glauth,https://github.com/shipperizer/glauth-demo,,github-code-search,rockcraft.yaml,FALSE,FALSE,
sinanawad,juju-norma,https://github.com/sinanawad/juju-norma-k8s,,github-code-search,rockcraft.yaml,FALSE,FALSE,
sinapah,my-rock-name,https://github.com/sinapah/alerta-rock,,github-code-search,my-rock-name/0.1-24.04/rockcraft.yaml,FALSE,FALSE,
tim-hm,mimic-service,https://github.com/tim-hm/mimic,,github-code-search,rockcraft.yaml,FALSE,FALSE,
tim-hm,mimic,https://github.com/tim-hm/mimic-k8s-operator,,github-code-search,rockcraft.yaml,FALSE,FALSE,
tim-hm,ratings,https://github.com/tim-hm/ratings,,github-code-search,rockcraft.yaml,FALSE,FALSE,
tonyandrewmeyer,dependency-track-frontend,https://github.com/tonyandrewmeyer/dependencytrack-operators,,github-code-search,rocks/dependency-track-frontend/rockcraft.yaml,FALSE,FALSE,
tonyandrewmeyer,sungather,https://github.com/tonyandrewmeyer/sungather-k8s-operator,,github-code-search,rock/rockcraft.yaml,FALSE,FALSE,
ubuntu-robotics,foxglove-studio,https://github.com/ubuntu-robotics/foxglove-studio-rock,,github-code-search,1.79.0/rockcraft.yaml,FALSE,FALSE,
ubuntu-robotics,foxglove-studio,https://github.com/ubuntu-robotics/foxglove-studio-rock,,github-code-search,1.87.0/rockcraft.yaml,FALSE,FALSE,
ubuntu,ratings,https://github.com/ubuntu/app-center-ratings,,github-code-search,rockcraft.yaml,FALSE,FALSE,
vhaudiquet,lp-ftbfs-report,https://github.com/vhaudiquet/lp-ftbfs-report,,github-code-search,rockcraft.yaml,FALSE,FALSE,
wolsen,keystone,https://github.com/wolsen/rock-keystone,,github-code-search,rockcraft.yaml,FALSE,FALSE,
zhijie-yang,torch-rock,https://github.com/zhijie-yang/rockcraft-python-userxp-starter,,github-code-search,rockcraft.yaml,FALSE,FALSE,
